/*******************************************************************************
 * Size: 16 px
 * Bpp: 4
 * Opts: --no-compress --no-prefilter --bpp 4 --size 16 --font /home/talowe/Desktop/T113/font_assets/OPPO Sans 4.0.ttf -r 0x20-0x7F --symbols 上下中为人优伤低保值停儿充先关冻出切创加动区单压号启在均型域增声复夜始存导就已带常平床度开式形心恢成手打执护报拟换接提搏敏数整断新旋无暂最术来果模止正气氧波测源滤灵点烁焦率生电界病益监确示移空童类级结绪续编置联脉自菜血行袖规警认设诊试调起辑过近连退速量钮闪闭闲间限险隔静面音风高 --format lvgl --lv-include lvgl/lvgl.h --lv-font-name ecg_font_zh_16 -o /home/talowe/Desktop/T113/generated_fonts/ecg_font_zh_16.c --force-fast-kern-format
 ******************************************************************************/

#ifdef LV_LVGL_H_INCLUDE_SIMPLE
#include "lvgl.h"
#else
#include "lvgl/lvgl.h"
#endif

#ifndef ECG_FONT_ZH_16
#define ECG_FONT_ZH_16 1
#endif

#if ECG_FONT_ZH_16

/*-----------------
 *    BITMAPS
 *----------------*/

/*Store the image of the glyphs*/
static LV_ATTRIBUTE_LARGE_CONST const uint8_t glyph_bitmap[] = {
    /* U+0020 " " */

    /* U+0021 "!" */
    0xc, 0xa0, 0xb9, 0xb, 0x90, 0xb9, 0xa, 0x90,
    0xa8, 0xa, 0x80, 0x97, 0x0, 0x0, 0xb9, 0xd,
    0xb0,

    /* U+0022 "\"" */
    0x2a, 0xa, 0x22, 0xf0, 0xe3, 0x1f, 0xe, 0x20,
    0xe0, 0xd1,

    /* U+0023 "#" */
    0x0, 0x5, 0xc0, 0xf, 0x10, 0x0, 0x88, 0x3,
    0xd0, 0x8, 0xef, 0xfe, 0xff, 0xd0, 0x2, 0xf2,
    0x1c, 0x71, 0x0, 0x4d, 0x0, 0xe2, 0x0, 0x8,
    0x90, 0x2e, 0x0, 0x0, 0xc5, 0x6, 0xa0, 0x8,
    0xff, 0xfe, 0xff, 0xe0, 0x5, 0xf1, 0x1f, 0x41,
    0x0, 0x79, 0x2, 0xf0, 0x0, 0xb, 0x50, 0x5b,
    0x0, 0x0,

    /* U+0024 "$" */
    0x0, 0x0, 0x0, 0x0, 0x0, 0x6, 0xa0, 0x0,
    0x4, 0xcf, 0xfb, 0x30, 0x4f, 0x9a, 0xe9, 0xf3,
    0xab, 0x6, 0xa0, 0xa9, 0x9c, 0x6, 0xa0, 0x0,
    0x2e, 0xcc, 0xb0, 0x0, 0x0, 0x6f, 0xfc, 0x50,
    0x0, 0x6, 0xb6, 0xe8, 0x11, 0x6, 0xa0, 0x7e,
    0xc9, 0x6, 0xa0, 0x8d, 0x5f, 0xaa, 0xe8, 0xf6,
    0x4, 0xbf, 0xfc, 0x50, 0x0, 0x6, 0xa0, 0x0,
    0x0, 0x0, 0x10, 0x0,

    /* U+0025 "%" */
    0x1, 0xbe, 0xc3, 0x0, 0x0, 0xaa, 0x0, 0xc,
    0x90, 0x7d, 0x0, 0x5, 0xe1, 0x0, 0x1f, 0x30,
    0x1f, 0x30, 0x2e, 0x30, 0x0, 0x1f, 0x30, 0x1f,
    0x30, 0xc8, 0x0, 0x0, 0xc, 0xa0, 0x8e, 0x8,
    0xc0, 0x0, 0x0, 0x2, 0xdf, 0xe4, 0x3f, 0x26,
    0xdd, 0x40, 0x0, 0x1, 0x0, 0xe6, 0x4f, 0x46,
    0xf2, 0x0, 0x0, 0xa, 0xa0, 0xaa, 0x0, 0xc7,
    0x0, 0x0, 0x5e, 0x10, 0xb8, 0x0, 0xa9, 0x0,
    0x2, 0xf4, 0x0, 0xaa, 0x0, 0xc8, 0x0, 0xc,
    0x80, 0x0, 0x5e, 0x23, 0xf3, 0x0, 0x0, 0x0,
    0x0, 0x9, 0xff, 0x70, 0x0, 0x0, 0x0, 0x0,
    0x0, 0x0, 0x0,

    /* U+0026 "&" */
    0x0, 0x2b, 0xfe, 0xa1, 0x0, 0x0, 0x0, 0xdb,
    0x23, 0xbb, 0x0, 0x0, 0x1, 0xf3, 0x0, 0x1,
    0x0, 0x0, 0x0, 0xf6, 0x0, 0x0, 0x0, 0x0,
    0x0, 0xdf, 0x50, 0x5, 0xff, 0x70, 0x9, 0xff,
    0xf3, 0x6, 0xe2, 0x10, 0x4f, 0x30, 0x8f, 0x47,
    0xb0, 0x0, 0x7c, 0x0, 0x7, 0xff, 0x70, 0x0,
    0x7d, 0x0, 0x0, 0x8f, 0x70, 0x0, 0x1e, 0xa1,
    0x4, 0xdc, 0xf7, 0x0, 0x2, 0xae, 0xfc, 0x50,
    0x4f, 0x80,

    /* U+0027 "'" */
    0x2a, 0x2, 0xf0, 0x1f, 0x0, 0xe0,

    /* U+0028 "(" */
    0x0, 0x7, 0x10, 0x9, 0xb0, 0x3, 0xf2, 0x0,
    0xab, 0x0, 0xf, 0x50, 0x3, 0xf1, 0x0, 0x5f,
    0x0, 0x6, 0xe0, 0x0, 0x5f, 0x0, 0x4, 0xf0,
    0x0, 0x1f, 0x30, 0x0, 0xd8, 0x0, 0x6, 0xe0,
    0x0, 0xe, 0x60, 0x0, 0x4e, 0x10,

    /* U+0029 ")" */
    0x7, 0x10, 0x0, 0x8b, 0x0, 0x0, 0xf5, 0x0,
    0x8, 0xc0, 0x0, 0x3f, 0x10, 0x0, 0xf5, 0x0,
    0xd, 0x70, 0x0, 0xc8, 0x0, 0xd, 0x70, 0x0,
    0xe6, 0x0, 0x1f, 0x30, 0x5, 0xf0, 0x0, 0xc8,
    0x0, 0x3f, 0x10, 0xd, 0x60, 0x0,

    /* U+002A "*" */
    0x0, 0xa, 0x90, 0x0, 0x0, 0x8, 0x80, 0x0,
    0x6e, 0x89, 0x98, 0xe6, 0x4, 0x7f, 0xe7, 0x40,
    0x0, 0x6c, 0xc6, 0x0, 0x4, 0xf3, 0x3f, 0x30,
    0x1, 0x50, 0x5, 0x10,

    /* U+002B "+" */
    0x0, 0x3, 0x30, 0x0, 0x0, 0xa, 0x80, 0x0,
    0x0, 0xa, 0x80, 0x0, 0x0, 0xa, 0x80, 0x0,
    0xcf, 0xff, 0xff, 0xfb, 0x12, 0x2c, 0xb2, 0x21,
    0x0, 0xa, 0x80, 0x0, 0x0, 0xa, 0x80, 0x0,
    0x0, 0x1, 0x10, 0x0,

    /* U+002C "," */
    0x3, 0x70, 0x9b, 0xd, 0x53, 0xd0,

    /* U+002D "-" */
    0x2e, 0xee, 0xe2, 0x1, 0x11, 0x10,

    /* U+002E "." */
    0xa9, 0xcb,

    /* U+002F "/" */
    0x0, 0x0, 0x63, 0x0, 0x0, 0xf3, 0x0, 0x5,
    0xf0, 0x0, 0x9, 0xa0, 0x0, 0xd, 0x60, 0x0,
    0x2f, 0x20, 0x0, 0x6d, 0x0, 0x0, 0xa9, 0x0,
    0x0, 0xe5, 0x0, 0x3, 0xf1, 0x0, 0x8, 0xc0,
    0x0, 0xc, 0x80, 0x0, 0xf, 0x30, 0x0, 0x5f,
    0x0, 0x0,

    /* U+0030 "0" */
    0x0, 0x2b, 0xee, 0xa2, 0x0, 0x2, 0xfb, 0x44,
    0xce, 0x10, 0xa, 0xc0, 0x0, 0xd, 0x90, 0xf,
    0x60, 0x0, 0x7, 0xe0, 0x3f, 0x20, 0x0, 0x4,
    0xf1, 0x3f, 0x20, 0x0, 0x3, 0xf2, 0x3f, 0x20,
    0x0, 0x4, 0xf1, 0xf, 0x60, 0x0, 0x7, 0xe0,
    0xb, 0xc0, 0x0, 0xd, 0x90, 0x2, 0xfb, 0x34,
    0xbe, 0x10, 0x0, 0x2b, 0xee, 0xa2, 0x0,

    /* U+0031 "1" */
    0x0, 0x3e, 0x90, 0x7f, 0xe9, 0x3d, 0x4b, 0x90,
    0x0, 0xb9, 0x0, 0xb, 0x90, 0x0, 0xb9, 0x0,
    0xb, 0x90, 0x0, 0xb9, 0x0, 0xb, 0x90, 0x0,
    0xb9, 0x0, 0xb, 0x90,

    /* U+0032 "2" */
    0x0, 0x8d, 0xfd, 0x70, 0x0, 0xbe, 0x63, 0x7f,
    0x80, 0x4f, 0x30, 0x0, 0x8f, 0x0, 0x10, 0x0,
    0x6, 0xf0, 0x0, 0x0, 0x0, 0xbb, 0x0, 0x0,
    0x0, 0x6f, 0x20, 0x0, 0x0, 0x4f, 0x50, 0x0,
    0x0, 0x5f, 0x60, 0x0, 0x0, 0x8f, 0x50, 0x0,
    0x1, 0xbf, 0x63, 0x33, 0x30, 0x5f, 0xff, 0xff,
    0xff, 0x0,

    /* U+0033 "3" */
    0x1f, 0xff, 0xff, 0xfd, 0x0, 0x33, 0x33, 0xaf,
    0x40, 0x0, 0x0, 0x8e, 0x30, 0x0, 0x0, 0xad,
    0x10, 0x0, 0x0, 0xbf, 0xed, 0x80, 0x0, 0x5,
    0x32, 0x4d, 0xb0, 0x0, 0x0, 0x0, 0x3f, 0x30,
    0x0, 0x0, 0x1, 0xf5, 0x5c, 0x0, 0x0, 0x5f,
    0x22, 0xec, 0x54, 0x7e, 0x90, 0x2, 0xae, 0xfd,
    0x70, 0x0,

    /* U+0034 "4" */
    0x0, 0x0, 0x9c, 0x0, 0x0, 0x0, 0x1, 0xf5,
    0x0, 0x0, 0x0, 0x9, 0xd0, 0x34, 0x0, 0x0,
    0x2f, 0x50, 0x9c, 0x0, 0x0, 0xcb, 0x0, 0x9c,
    0x0, 0x7, 0xf1, 0x0, 0x9c, 0x0, 0x2f, 0x60,
    0x0, 0x9c, 0x0, 0x6f, 0xff, 0xff, 0xff, 0xf7,
    0x2, 0x22, 0x22, 0xac, 0x21, 0x0, 0x0, 0x0,
    0x9c, 0x0, 0x0, 0x0, 0x0, 0x9c, 0x0,

    /* U+0035 "5" */
    0x3, 0xff, 0xff, 0xfd, 0x0, 0x6e, 0x22, 0x22,
    0x20, 0x9, 0xb0, 0x0, 0x0, 0x0, 0xba, 0xae,
    0xe9, 0x10, 0xe, 0xe6, 0x35, 0xed, 0x0, 0x52,
    0x0, 0x2, 0xf5, 0x0, 0x0, 0x0, 0xd, 0x90,
    0x0, 0x0, 0x0, 0xd9, 0xe, 0x50, 0x0, 0x2f,
    0x40, 0x9f, 0x74, 0x5d, 0xb0, 0x0, 0x7d, 0xfe,
    0x80, 0x0,

    /* U+0036 "6" */
    0x0, 0x2a, 0xef, 0xb3, 0x0, 0x2e, 0xc5, 0x49,
    0xf3, 0xa, 0xc0, 0x0, 0x9, 0x60, 0xf5, 0x0,
    0x0, 0x0, 0x2f, 0x39, 0xef, 0xd6, 0x3, 0xfd,
    0x94, 0x38, 0xf7, 0x3f, 0x90, 0x0, 0x9, 0xd1,
    0xf6, 0x0, 0x0, 0x6f, 0xc, 0xb0, 0x0, 0xa,
    0xc0, 0x3f, 0xb4, 0x39, 0xf5, 0x0, 0x3b, 0xef,
    0xc4, 0x0,

    /* U+0037 "7" */
    0x9f, 0xff, 0xff, 0xff, 0x41, 0x33, 0x33, 0x3b,
    0xd0, 0x0, 0x0, 0x3, 0xf3, 0x0, 0x0, 0x0,
    0xd8, 0x0, 0x0, 0x0, 0x6e, 0x0, 0x0, 0x0,
    0xe, 0x60, 0x0, 0x0, 0x6, 0xf0, 0x0, 0x0,
    0x0, 0xc9, 0x0, 0x0, 0x0, 0x2f, 0x40, 0x0,
    0x0, 0x6, 0xf0, 0x0, 0x0, 0x0, 0xab, 0x0,
    0x0, 0x0,

    /* U+0038 "8" */
    0x0, 0x7d, 0xfe, 0xa2, 0x0, 0x8f, 0x74, 0x5c,
    0xe1, 0xc, 0x80, 0x0, 0x1f, 0x30, 0x7d, 0x30,
    0x19, 0xd0, 0x0, 0x8f, 0xff, 0xd1, 0x0, 0x7f,
    0x73, 0x4c, 0xd0, 0x1f, 0x50, 0x0, 0xe, 0x73,
    0xf1, 0x0, 0x0, 0xba, 0x2f, 0x50, 0x0, 0xe,
    0x80, 0xaf, 0x63, 0x4c, 0xf2, 0x0, 0x7d, 0xfe,
    0xa2, 0x0,

    /* U+0039 "9" */
    0x0, 0x7d, 0xfe, 0x80, 0x0, 0xae, 0x63, 0x6e,
    0xb0, 0x3f, 0x30, 0x0, 0x2f, 0x56, 0xf0, 0x0,
    0x0, 0xd9, 0x5f, 0x20, 0x0, 0xe, 0xb0, 0xec,
    0x20, 0x3a, 0xfc, 0x2, 0xcf, 0xff, 0x9a, 0xb0,
    0x0, 0x12, 0x0, 0xc8, 0x8, 0x10, 0x0, 0x3f,
    0x40, 0xbd, 0x64, 0x6e, 0xa0, 0x0, 0x8e, 0xfd,
    0x80, 0x0,

    /* U+003A ":" */
    0xcb, 0xa9, 0x0, 0x0, 0x0, 0x0, 0xa9, 0xcb,

    /* U+003B ";" */
    0x9, 0xd0, 0x7, 0xb0, 0x0, 0x0, 0x0, 0x0,
    0x0, 0x0, 0x0, 0x0, 0x2, 0x50, 0x9, 0xc0,
    0xb, 0x70, 0x1e, 0x10, 0x13, 0x0,

    /* U+003C "<" */
    0x0, 0x0, 0x0, 0x1, 0x0, 0x0, 0x4, 0xbc,
    0x0, 0x6, 0xde, 0x71, 0x29, 0xfb, 0x50, 0x0,
    0xef, 0x50, 0x0, 0x0, 0x28, 0xec, 0x50, 0x0,
    0x0, 0x6, 0xce, 0x82, 0x0, 0x0, 0x3, 0xac,
    0x0, 0x0, 0x0, 0x0,

    /* U+003D "=" */
    0xcf, 0xff, 0xff, 0xfb, 0x12, 0x22, 0x22, 0x21,
    0x0, 0x0, 0x0, 0x0, 0xcf, 0xff, 0xff, 0xfb,
    0x12, 0x22, 0x22, 0x21,

    /* U+003E ">" */
    0x10, 0x0, 0x0, 0x0, 0xda, 0x40, 0x0, 0x0,
    0x18, 0xed, 0x60, 0x0, 0x0, 0x5, 0xce, 0x82,
    0x0, 0x0, 0x6, 0xfc, 0x0, 0x6, 0xce, 0x81,
    0x29, 0xfc, 0x50, 0x0, 0xc9, 0x30, 0x0, 0x0,
    0x0, 0x0, 0x0, 0x0,

    /* U+003F "?" */
    0x3, 0xcf, 0xe9, 0x10, 0x2f, 0x93, 0x5e, 0xb0,
    0x48, 0x0, 0x6, 0xf0, 0x0, 0x0, 0x8, 0xd0,
    0x0, 0x0, 0x5f, 0x30, 0x0, 0x4, 0xf4, 0x0,
    0x0, 0xd, 0x70, 0x0, 0x0, 0x8, 0x10, 0x0,
    0x0, 0x0, 0x0, 0x0, 0x0, 0x3d, 0x30, 0x0,
    0x0, 0x4f, 0x40, 0x0,

    /* U+0040 "@" */
    0x0, 0x1, 0x8d, 0xfe, 0xc6, 0x0, 0x0, 0x5,
    0xe8, 0x20, 0x14, 0xbd, 0x20, 0x3, 0xf3, 0x0,
    0x0, 0x0, 0x8c, 0x0, 0xb7, 0x1, 0xaf, 0xe7,
    0x0, 0xd4, 0x1f, 0x0, 0x9b, 0x13, 0xf3, 0x7,
    0x94, 0xc0, 0x0, 0x11, 0x3e, 0x60, 0x5b, 0x5b,
    0x0, 0x4d, 0xec, 0xf6, 0x4, 0xb4, 0xc0, 0xe,
    0x80, 0xe, 0x60, 0x79, 0x2f, 0x0, 0xd8, 0x6,
    0xeb, 0x1d, 0x40, 0xc5, 0x3, 0xcf, 0xb2, 0xbe,
    0x80, 0x4, 0xe2, 0x0, 0x0, 0x0, 0x0, 0x0,
    0x6, 0xe7, 0x20, 0x14, 0xb5, 0x0, 0x0, 0x3,
    0x9d, 0xff, 0xc6, 0x0, 0x0,

    /* U+0041 "A" */
    0x0, 0x0, 0xbf, 0x60, 0x0, 0x0, 0x0, 0x1f,
    0xcd, 0x0, 0x0, 0x0, 0x8, 0xd2, 0xf3, 0x0,
    0x0, 0x0, 0xe7, 0xc, 0xa0, 0x0, 0x0, 0x5f,
    0x10, 0x6f, 0x10, 0x0, 0xb, 0xa0, 0x0, 0xf7,
    0x0, 0x2, 0xf4, 0x0, 0x9, 0xd0, 0x0, 0x8f,
    0xff, 0xff, 0xff, 0x40, 0xe, 0x92, 0x22, 0x22,
    0xca, 0x5, 0xf1, 0x0, 0x0, 0x6, 0xf1, 0xca,
    0x0, 0x0, 0x0, 0xf, 0x70,

    /* U+0042 "B" */
    0x1f, 0xff, 0xff, 0xd8, 0x0, 0x1f, 0x63, 0x34,
    0x7f, 0x90, 0x1f, 0x40, 0x0, 0xa, 0xd0, 0x1f,
    0x40, 0x0, 0x4e, 0x70, 0x1f, 0xff, 0xff, 0xf7,
    0x0, 0x1f, 0x63, 0x33, 0x7e, 0x80, 0x1f, 0x40,
    0x0, 0x5, 0xf1, 0x1f, 0x40, 0x0, 0x2, 0xf4,
    0x1f, 0x40, 0x0, 0x5, 0xf2, 0x1f, 0x63, 0x33,
    0x7e, 0xb0, 0x1f, 0xff, 0xff, 0xd8, 0x0,

    /* U+0043 "C" */
    0x0, 0x7, 0xdf, 0xeb, 0x40, 0x0, 0x1d, 0xe7,
    0x44, 0x9f, 0x80, 0xa, 0xe1, 0x0, 0x0, 0x5f,
    0x31, 0xf6, 0x0, 0x0, 0x0, 0x73, 0x4f, 0x20,
    0x0, 0x0, 0x0, 0x5, 0xf0, 0x0, 0x0, 0x0,
    0x0, 0x4f, 0x20, 0x0, 0x0, 0x0, 0x1, 0xf6,
    0x0, 0x0, 0x0, 0x63, 0xa, 0xe1, 0x0, 0x0,
    0x3f, 0x50, 0x1c, 0xe8, 0x44, 0x8f, 0xa0, 0x0,
    0x7, 0xcf, 0xec, 0x50, 0x0,

    /* U+0044 "D" */
    0x1f, 0xff, 0xff, 0xd9, 0x20, 0x1, 0xf6, 0x33,
    0x36, 0xcf, 0x40, 0x1f, 0x40, 0x0, 0x0, 0xae,
    0x1, 0xf4, 0x0, 0x0, 0x1, 0xf6, 0x1f, 0x40,
    0x0, 0x0, 0xc, 0x91, 0xf4, 0x0, 0x0, 0x0,
    0xba, 0x1f, 0x40, 0x0, 0x0, 0xc, 0x91, 0xf4,
    0x0, 0x0, 0x1, 0xf5, 0x1f, 0x40, 0x0, 0x0,
    0xbe, 0x1, 0xf7, 0x33, 0x47, 0xde, 0x30, 0x1f,
    0xff, 0xff, 0xd8, 0x10, 0x0,

    /* U+0045 "E" */
    0x1f, 0xff, 0xff, 0xff, 0x91, 0xf7, 0x33, 0x33,
    0x31, 0x1f, 0x50, 0x0, 0x0, 0x1, 0xf5, 0x0,
    0x0, 0x0, 0x1f, 0xff, 0xff, 0xff, 0x21, 0xf7,
    0x33, 0x33, 0x30, 0x1f, 0x50, 0x0, 0x0, 0x1,
    0xf5, 0x0, 0x0, 0x0, 0x1f, 0x50, 0x0, 0x0,
    0x1, 0xf7, 0x33, 0x33, 0x31, 0x1f, 0xff, 0xff,
    0xff, 0x90,

    /* U+0046 "F" */
    0x1f, 0xff, 0xff, 0xff, 0x61, 0xf6, 0x22, 0x22,
    0x21, 0x1f, 0x40, 0x0, 0x0, 0x1, 0xf4, 0x0,
    0x0, 0x0, 0x1f, 0x40, 0x0, 0x0, 0x1, 0xff,
    0xff, 0xff, 0xf0, 0x1f, 0x63, 0x33, 0x32, 0x1,
    0xf4, 0x0, 0x0, 0x0, 0x1f, 0x40, 0x0, 0x0,
    0x1, 0xf4, 0x0, 0x0, 0x0, 0x1f, 0x40, 0x0,
    0x0, 0x0,

    /* U+0047 "G" */
    0x0, 0x6, 0xce, 0xfc, 0x60, 0x0, 0xc, 0xe7,
    0x44, 0x7e, 0xb0, 0xa, 0xe1, 0x0, 0x0, 0x2e,
    0x71, 0xf6, 0x0, 0x0, 0x0, 0x32, 0x4f, 0x20,
    0x0, 0x0, 0x0, 0x5, 0xf0, 0x0, 0x2f, 0xff,
    0xfd, 0x4f, 0x20, 0x0, 0x22, 0x28, 0xd1, 0xf6,
    0x0, 0x0, 0x0, 0xad, 0xa, 0xe1, 0x0, 0x0,
    0x3f, 0xd0, 0x1d, 0xe7, 0x44, 0x8f, 0xad, 0x0,
    0x8, 0xdf, 0xea, 0x34, 0xd0,

    /* U+0048 "H" */
    0x1f, 0x40, 0x0, 0x0, 0x6e, 0x1f, 0x40, 0x0,
    0x0, 0x6e, 0x1f, 0x40, 0x0, 0x0, 0x6e, 0x1f,
    0x40, 0x0, 0x0, 0x7e, 0x1f, 0xff, 0xff, 0xff,
    0xfe, 0x1f, 0x73, 0x33, 0x33, 0x8e, 0x1f, 0x40,
    0x0, 0x0, 0x6e, 0x1f, 0x40, 0x0, 0x0, 0x6e,
    0x1f, 0x40, 0x0, 0x0, 0x6e, 0x1f, 0x40, 0x0,
    0x0, 0x6e, 0x1f, 0x40, 0x0, 0x0, 0x6e,

    /* U+0049 "I" */
    0x1f, 0x41, 0xf4, 0x1f, 0x41, 0xf4, 0x1f, 0x41,
    0xf4, 0x1f, 0x41, 0xf4, 0x1f, 0x41, 0xf4, 0x1f,
    0x40,

    /* U+004A "J" */
    0x0, 0x0, 0x0, 0xf6, 0x0, 0x0, 0x0, 0xf6,
    0x0, 0x0, 0x0, 0xf6, 0x0, 0x0, 0x0, 0xf6,
    0x0, 0x0, 0x0, 0xf6, 0x0, 0x0, 0x0, 0xf6,
    0x0, 0x0, 0x0, 0xf6, 0x0, 0x0, 0x0, 0xf5,
    0x26, 0x0, 0x3, 0xf3, 0x3f, 0x93, 0x5d, 0xc0,
    0x4, 0xcf, 0xe9, 0x10,

    /* U+004B "K" */
    0x1f, 0x40, 0x0, 0x2d, 0xc1, 0x1f, 0x40, 0x3,
    0xeb, 0x0, 0x1f, 0x40, 0x4f, 0x90, 0x0, 0x1f,
    0x45, 0xf7, 0x0, 0x0, 0x1f, 0xaf, 0x60, 0x0,
    0x0, 0x1f, 0xfe, 0x10, 0x0, 0x0, 0x1f, 0x5c,
    0xd2, 0x0, 0x0, 0x1f, 0x40, 0xce, 0x20, 0x0,
    0x1f, 0x40, 0xc, 0xe2, 0x0, 0x1f, 0x40, 0x0,
    0xbe, 0x30, 0x1f, 0x40, 0x0, 0xb, 0xf3,

    /* U+004C "L" */
    0x1f, 0x40, 0x0, 0x0, 0x1, 0xf4, 0x0, 0x0,
    0x0, 0x1f, 0x40, 0x0, 0x0, 0x1, 0xf4, 0x0,
    0x0, 0x0, 0x1f, 0x40, 0x0, 0x0, 0x1, 0xf4,
    0x0, 0x0, 0x0, 0x1f, 0x40, 0x0, 0x0, 0x1,
    0xf4, 0x0, 0x0, 0x0, 0x1f, 0x40, 0x0, 0x0,
    0x1, 0xf6, 0x33, 0x33, 0x30, 0x1f, 0xff, 0xff,
    0xff, 0x30,

    /* U+004D "M" */
    0x1f, 0xf6, 0x0, 0x0, 0x0, 0x2f, 0xf3, 0x1f,
    0xdd, 0x0, 0x0, 0x0, 0x9d, 0xf3, 0x1f, 0x6f,
    0x30, 0x0, 0x0, 0xe7, 0xf3, 0x1f, 0x4b, 0x90,
    0x0, 0x6, 0xe2, 0xf3, 0x1f, 0x45, 0xf0, 0x0,
    0xc, 0x81, 0xf3, 0x1f, 0x40, 0xe6, 0x0, 0x3f,
    0x11, 0xf3, 0x1f, 0x40, 0x8c, 0x0, 0x9a, 0x1,
    0xf3, 0x1f, 0x40, 0x2f, 0x30, 0xf4, 0x1, 0xf3,
    0x1f, 0x40, 0xc, 0x96, 0xd0, 0x1, 0xf3, 0x1f,
    0x40, 0x5, 0xfd, 0x60, 0x1, 0xf3, 0x1f, 0x40,
    0x0, 0xef, 0x0, 0x1, 0xf3,

    /* U+004E "N" */
    0x1f, 0xf7, 0x0, 0x0, 0x4f, 0x11, 0xfc, 0xf1,
    0x0, 0x4, 0xf1, 0x1f, 0x5e, 0x90, 0x0, 0x4f,
    0x11, 0xf4, 0x6f, 0x20, 0x4, 0xf1, 0x1f, 0x40,
    0xcb, 0x0, 0x4f, 0x11, 0xf4, 0x3, 0xf4, 0x4,
    0xf1, 0x1f, 0x40, 0xa, 0xd0, 0x4f, 0x11, 0xf4,
    0x0, 0x1f, 0x74, 0xf1, 0x1f, 0x40, 0x0, 0x8f,
    0x5f, 0x11, 0xf4, 0x0, 0x0, 0xed, 0xf1, 0x1f,
    0x40, 0x0, 0x5, 0xff, 0x10,

    /* U+004F "O" */
    0x0, 0x7, 0xcf, 0xec, 0x50, 0x0, 0x0, 0xce,
    0x84, 0x59, 0xf9, 0x0, 0x9, 0xe2, 0x0, 0x0,
    0x4f, 0x60, 0x1f, 0x60, 0x0, 0x0, 0xa, 0xd0,
    0x4f, 0x20, 0x0, 0x0, 0x5, 0xf0, 0x5f, 0x0,
    0x0, 0x0, 0x4, 0xf2, 0x4f, 0x20, 0x0, 0x0,
    0x5, 0xf0, 0xf, 0x60, 0x0, 0x0, 0xa, 0xc0,
    0x9, 0xe2, 0x0, 0x0, 0x4f, 0x50, 0x0, 0xce,
    0x84, 0x59, 0xf9, 0x0, 0x0, 0x7, 0xdf, 0xec,
    0x50, 0x0,

    /* U+0050 "P" */
    0x1f, 0xff, 0xff, 0xd7, 0x0, 0x1f, 0x63, 0x34,
    0x7e, 0xb0, 0x1f, 0x40, 0x0, 0x5, 0xf3, 0x1f,
    0x40, 0x0, 0x1, 0xf5, 0x1f, 0x40, 0x0, 0x3,
    0xf3, 0x1f, 0x40, 0x1, 0x4d, 0xc0, 0x1f, 0xff,
    0xff, 0xfa, 0x10, 0x1f, 0x63, 0x32, 0x0, 0x0,
    0x1f, 0x40, 0x0, 0x0, 0x0, 0x1f, 0x40, 0x0,
    0x0, 0x0, 0x1f, 0x40, 0x0, 0x0, 0x0,

    /* U+0051 "Q" */
    0x0, 0x7, 0xdf, 0xec, 0x50, 0x0, 0x0, 0xce,
    0x84, 0x59, 0xf9, 0x0, 0x9, 0xe2, 0x0, 0x0,
    0x4f, 0x60, 0x1f, 0x60, 0x0, 0x0, 0xa, 0xd0,
    0x4f, 0x20, 0x0, 0x0, 0x5, 0xf0, 0x5f, 0x0,
    0x0, 0x0, 0x4, 0xf2, 0x4f, 0x20, 0x0, 0x0,
    0x5, 0xf0, 0xf, 0x60, 0x3, 0xd4, 0xa, 0xc0,
    0x9, 0xe2, 0x0, 0x6f, 0x7f, 0x50, 0x0, 0xce,
    0x84, 0x5f, 0xfb, 0x0, 0x0, 0x7, 0xdf, 0xec,
    0xfd, 0x10, 0x0, 0x0, 0x0, 0x0, 0x7, 0x40,

    /* U+0052 "R" */
    0x1f, 0xff, 0xff, 0xd8, 0x10, 0x1f, 0x63, 0x33,
    0x6e, 0xc0, 0x1f, 0x40, 0x0, 0x4, 0xf3, 0x1f,
    0x40, 0x0, 0x3, 0xf3, 0x1f, 0x40, 0x0, 0x2c,
    0xd0, 0x1f, 0xff, 0xff, 0xf9, 0x10, 0x1f, 0x63,
    0x34, 0xae, 0x20, 0x1f, 0x40, 0x0, 0xd, 0x90,
    0x1f, 0x40, 0x0, 0x8, 0xe0, 0x1f, 0x40, 0x0,
    0x4, 0xf2, 0x1f, 0x40, 0x0, 0x0, 0xf6,

    /* U+0053 "S" */
    0x1, 0x9e, 0xfe, 0xa2, 0x0, 0xcd, 0x63, 0x5c,
    0xe2, 0x3f, 0x30, 0x0, 0xd, 0x72, 0xf5, 0x0,
    0x0, 0x0, 0x9, 0xf9, 0x40, 0x0, 0x0, 0x3,
    0x8d, 0xfb, 0x40, 0x0, 0x0, 0x2, 0x8f, 0x70,
    0x10, 0x0, 0x0, 0xad, 0x6f, 0x20, 0x0, 0xb,
    0xc0, 0xde, 0x74, 0x5a, 0xf5, 0x0, 0x8d, 0xff,
    0xb4, 0x0,

    /* U+0054 "T" */
    0xcf, 0xff, 0xff, 0xff, 0xf5, 0x23, 0x33, 0xe9,
    0x33, 0x31, 0x0, 0x0, 0xe7, 0x0, 0x0, 0x0,
    0x0, 0xe7, 0x0, 0x0, 0x0, 0x0, 0xe7, 0x0,
    0x0, 0x0, 0x0, 0xe7, 0x0, 0x0, 0x0, 0x0,
    0xe7, 0x0, 0x0, 0x0, 0x0, 0xe7, 0x0, 0x0,
    0x0, 0x0, 0xe7, 0x0, 0x0, 0x0, 0x0, 0xe7,
    0x0, 0x0, 0x0, 0x0, 0xe7, 0x0, 0x0,

    /* U+0055 "U" */
    0x1f, 0x40, 0x0, 0x0, 0x4f, 0x11, 0xf4, 0x0,
    0x0, 0x4, 0xf1, 0x1f, 0x40, 0x0, 0x0, 0x4f,
    0x11, 0xf4, 0x0, 0x0, 0x4, 0xf1, 0x1f, 0x40,
    0x0, 0x0, 0x4f, 0x11, 0xf4, 0x0, 0x0, 0x4,
    0xf1, 0xf, 0x40, 0x0, 0x0, 0x4f, 0x10, 0xf7,
    0x0, 0x0, 0x7, 0xf0, 0xb, 0xd0, 0x0, 0x0,
    0xdb, 0x0, 0x3f, 0xc5, 0x35, 0xcf, 0x30, 0x0,
    0x2a, 0xef, 0xea, 0x20, 0x0,

    /* U+0056 "V" */
    0xcb, 0x0, 0x0, 0x0, 0x6f, 0x26, 0xf1, 0x0,
    0x0, 0xb, 0xb0, 0xf, 0x70, 0x0, 0x1, 0xf5,
    0x0, 0x9d, 0x0, 0x0, 0x7e, 0x0, 0x3, 0xf3,
    0x0, 0xd, 0x90, 0x0, 0xd, 0x90, 0x3, 0xf3,
    0x0, 0x0, 0x7e, 0x0, 0x9c, 0x0, 0x0, 0x1,
    0xf5, 0xf, 0x60, 0x0, 0x0, 0xb, 0xb5, 0xf1,
    0x0, 0x0, 0x0, 0x5f, 0xca, 0x0, 0x0, 0x0,
    0x0, 0xef, 0x40, 0x0, 0x0,

    /* U+0057 "W" */
    0xda, 0x0, 0x0, 0x4f, 0xd0, 0x0, 0x1, 0xf6,
    0x9e, 0x0, 0x0, 0x9e, 0xf2, 0x0, 0x5, 0xf2,
    0x4f, 0x20, 0x0, 0xd7, 0xe6, 0x0, 0x9, 0xd0,
    0xf, 0x60, 0x2, 0xf2, 0x9b, 0x0, 0xd, 0x90,
    0xc, 0xa0, 0x7, 0xd0, 0x4f, 0x0, 0x1f, 0x50,
    0x8, 0xe0, 0xc, 0x80, 0xf, 0x50, 0x5f, 0x10,
    0x4, 0xf2, 0x1f, 0x30, 0xa, 0xa0, 0x9d, 0x0,
    0x0, 0xf6, 0x5e, 0x0, 0x6, 0xe0, 0xd8, 0x0,
    0x0, 0xba, 0xa9, 0x0, 0x1, 0xf5, 0xf4, 0x0,
    0x0, 0x7e, 0xe5, 0x0, 0x0, 0xcd, 0xf0, 0x0,
    0x0, 0x3f, 0xf0, 0x0, 0x0, 0x7f, 0xc0, 0x0,

    /* U+0058 "X" */
    0x5f, 0x50, 0x0, 0x2, 0xf9, 0x0, 0x9f, 0x20,
    0x0, 0xcc, 0x0, 0x0, 0xdc, 0x0, 0x8f, 0x20,
    0x0, 0x2, 0xf8, 0x4f, 0x50, 0x0, 0x0, 0x5,
    0xff, 0x90, 0x0, 0x0, 0x0, 0xe, 0xf2, 0x0,
    0x0, 0x0, 0x9, 0xec, 0xd0, 0x0, 0x0, 0x5,
    0xf4, 0x1e, 0x90, 0x0, 0x2, 0xf8, 0x0, 0x4f,
    0x50, 0x0, 0xcc, 0x0, 0x0, 0x8f, 0x20, 0x9f,
    0x20, 0x0, 0x0, 0xcd, 0x0,

    /* U+0059 "Y" */
    0xae, 0x10, 0x0, 0x0, 0xbc, 0x1, 0xe9, 0x0,
    0x0, 0x6f, 0x20, 0x4, 0xf3, 0x0, 0x1f, 0x70,
    0x0, 0xa, 0xd0, 0xb, 0xc0, 0x0, 0x0, 0x1e,
    0x85, 0xf2, 0x0, 0x0, 0x0, 0x4f, 0xe7, 0x0,
    0x0, 0x0, 0x0, 0xbd, 0x0, 0x0, 0x0, 0x0,
    0x9, 0xb0, 0x0, 0x0, 0x0, 0x0, 0x9b, 0x0,
    0x0, 0x0, 0x0, 0x9, 0xb0, 0x0, 0x0, 0x0,
    0x0, 0x9b, 0x0, 0x0, 0x0,

    /* U+005A "Z" */
    0x5f, 0xff, 0xff, 0xff, 0xf4, 0x13, 0x33, 0x33,
    0x3c, 0xe1, 0x0, 0x0, 0x0, 0x7f, 0x30, 0x0,
    0x0, 0x4, 0xf5, 0x0, 0x0, 0x0, 0x2e, 0x80,
    0x0, 0x0, 0x0, 0xdb, 0x0, 0x0, 0x0, 0xb,
    0xd0, 0x0, 0x0, 0x0, 0x8e, 0x20, 0x0, 0x0,
    0x5, 0xf4, 0x0, 0x0, 0x0, 0x3f, 0xa3, 0x33,
    0x33, 0x31, 0x8f, 0xff, 0xff, 0xff, 0xf6,

    /* U+005B "[" */
    0xf, 0xff, 0x60, 0xf5, 0x21, 0xf, 0x30, 0x0,
    0xf3, 0x0, 0xf, 0x30, 0x0, 0xf3, 0x0, 0xf,
    0x30, 0x0, 0xf3, 0x0, 0xf, 0x30, 0x0, 0xf3,
    0x0, 0xf, 0x30, 0x0, 0xf3, 0x0, 0xf, 0x30,
    0x0, 0xff, 0xf6, 0x3, 0x33, 0x10,

    /* U+005C "\\" */
    0x37, 0x0, 0x0, 0x2f, 0x10, 0x0, 0xe, 0x50,
    0x0, 0xa, 0xa0, 0x0, 0x5, 0xe0, 0x0, 0x1,
    0xf2, 0x0, 0x0, 0xd7, 0x0, 0x0, 0x8b, 0x0,
    0x0, 0x4f, 0x0, 0x0, 0xf, 0x40, 0x0, 0xb,
    0x80, 0x0, 0x7, 0xd0, 0x0, 0x3, 0xf1, 0x0,
    0x0, 0xe5,

    /* U+005D "]" */
    0x4f, 0xff, 0x20, 0x23, 0xf2, 0x0, 0xf, 0x20,
    0x0, 0xf2, 0x0, 0xf, 0x20, 0x0, 0xf2, 0x0,
    0xf, 0x20, 0x0, 0xf2, 0x0, 0xf, 0x20, 0x0,
    0xf2, 0x0, 0xf, 0x20, 0x0, 0xf2, 0x0, 0xf,
    0x24, 0xff, 0xf2, 0x3, 0x33, 0x0,

    /* U+005E "^" */
    0x0, 0xe, 0xd0, 0x0, 0x0, 0x6f, 0xf5, 0x0,
    0x0, 0xe6, 0x7d, 0x0, 0x6, 0xd0, 0xe, 0x50,
    0xe, 0x60, 0x7, 0xd0,

    /* U+005F "_" */
    0xff, 0xff, 0xff, 0xff, 0x2, 0x22, 0x22, 0x22,
    0x20,

    /* U+0060 "`" */
    0x18, 0x10, 0xb, 0x80, 0x2, 0xe1,

    /* U+0061 "a" */
    0x1, 0xae, 0xfc, 0x30, 0xc, 0xc4, 0x39, 0xf1,
    0x6, 0x10, 0x0, 0xe6, 0x1, 0x69, 0xbd, 0xf7,
    0x1e, 0xa5, 0x31, 0xe7, 0x5f, 0x0, 0x1, 0xf7,
    0x3f, 0x72, 0x3c, 0xf7, 0x6, 0xdf, 0xd5, 0xc7,

    /* U+0062 "b" */
    0x2f, 0x20, 0x0, 0x0, 0x2, 0xf2, 0x0, 0x0,
    0x0, 0x2f, 0x20, 0x0, 0x0, 0x2, 0xf3, 0xaf,
    0xea, 0x10, 0x2f, 0xd7, 0x25, 0xec, 0x2, 0xf7,
    0x0, 0x3, 0xf3, 0x2f, 0x20, 0x0, 0xe, 0x72,
    0xf2, 0x0, 0x0, 0xe7, 0x2f, 0x70, 0x0, 0x2f,
    0x42, 0xfd, 0x62, 0x4d, 0xc0, 0x2f, 0x3a, 0xfe,
    0xa1, 0x0,

    /* U+0063 "c" */
    0x0, 0x8e, 0xfd, 0x60, 0xc, 0xd5, 0x36, 0xf6,
    0x4f, 0x20, 0x0, 0x56, 0x7d, 0x0, 0x0, 0x0,
    0x7d, 0x0, 0x0, 0x0, 0x4f, 0x20, 0x0, 0x55,
    0xb, 0xd5, 0x26, 0xf7, 0x0, 0x8e, 0xfd, 0x60,

    /* U+0064 "d" */
    0x0, 0x0, 0x0, 0x3f, 0x10, 0x0, 0x0, 0x3,
    0xf1, 0x0, 0x0, 0x0, 0x3f, 0x10, 0x1a, 0xef,
    0xa4, 0xf1, 0xd, 0xd4, 0x27, 0xef, 0x14, 0xf2,
    0x0, 0x8, 0xf1, 0x7d, 0x0, 0x0, 0x3f, 0x18,
    0xd0, 0x0, 0x3, 0xf1, 0x4f, 0x10, 0x0, 0x7f,
    0x10, 0xcd, 0x41, 0x6d, 0xf1, 0x1, 0xae, 0xfa,
    0x4f, 0x10,

    /* U+0065 "e" */
    0x0, 0x9e, 0xfc, 0x50, 0x0, 0xcd, 0x43, 0x7f,
    0x50, 0x4f, 0x10, 0x0, 0x8d, 0x7, 0xff, 0xff,
    0xff, 0xf0, 0x7d, 0x0, 0x0, 0x0, 0x4, 0xf2,
    0x0, 0x5, 0x60, 0xb, 0xd5, 0x25, 0xf5, 0x0,
    0x8, 0xef, 0xd5, 0x0,

    /* U+0066 "f" */
    0x0, 0x9f, 0xb0, 0x6f, 0x31, 0x8, 0xb0, 0xc,
    0xff, 0xf7, 0x9, 0xb0, 0x0, 0x9b, 0x0, 0x9,
    0xb0, 0x0, 0x9b, 0x0, 0x9, 0xb0, 0x0, 0x9b,
    0x0, 0x9, 0xb0, 0x0,

    /* U+0067 "g" */
    0x1, 0x9e, 0xfb, 0x3f, 0x10, 0xcd, 0x42, 0x6d,
    0xf1, 0x4f, 0x20, 0x0, 0x8f, 0x17, 0xd0, 0x0,
    0x3, 0xf1, 0x8d, 0x0, 0x0, 0x3f, 0x15, 0xf2,
    0x0, 0x7, 0xf1, 0xd, 0xd4, 0x25, 0xdf, 0x10,
    0x1a, 0xef, 0xa5, 0xf1, 0x16, 0x0, 0x0, 0x7e,
    0x0, 0xeb, 0x32, 0x6f, 0x70, 0x1, 0xae, 0xfd,
    0x60, 0x0,

    /* U+0068 "h" */
    0x2f, 0x20, 0x0, 0x0, 0x2f, 0x20, 0x0, 0x0,
    0x2f, 0x20, 0x0, 0x0, 0x2f, 0x3a, 0xfe, 0x90,
    0x2f, 0xd7, 0x25, 0xf8, 0x2f, 0x70, 0x0, 0x8c,
    0x2f, 0x30, 0x0, 0x7d, 0x2f, 0x20, 0x0, 0x7d,
    0x2f, 0x20, 0x0, 0x7d, 0x2f, 0x20, 0x0, 0x7d,
    0x2f, 0x20, 0x0, 0x7d,

    /* U+0069 "i" */
    0x2e, 0x31, 0x91, 0x0, 0x1, 0xf3, 0x1f, 0x31,
    0xf3, 0x1f, 0x31, 0xf3, 0x1f, 0x31, 0xf3, 0x1f,
    0x30,

    /* U+006A "j" */
    0x2, 0xe4, 0x0, 0x92, 0x0, 0x0, 0x1, 0xf3,
    0x1, 0xf3, 0x1, 0xf3, 0x1, 0xf3, 0x1, 0xf3,
    0x1, 0xf3, 0x1, 0xf3, 0x1, 0xf3, 0x1, 0xf2,
    0x38, 0xf0, 0xbe, 0x60,

    /* U+006B "k" */
    0x2f, 0x20, 0x0, 0x0, 0x2f, 0x20, 0x0, 0x0,
    0x2f, 0x20, 0x0, 0x0, 0x2f, 0x20, 0x2d, 0xc1,
    0x2f, 0x22, 0xea, 0x0, 0x2f, 0x6f, 0x90, 0x0,
    0x2f, 0xfa, 0x0, 0x0, 0x2f, 0xaf, 0x50, 0x0,
    0x2f, 0x28, 0xf4, 0x0, 0x2f, 0x20, 0x8f, 0x40,
    0x2f, 0x20, 0x8, 0xf4,

    /* U+006C "l" */
    0x1f, 0x31, 0xf3, 0x1f, 0x31, 0xf3, 0x1f, 0x31,
    0xf3, 0x1f, 0x31, 0xf3, 0x1f, 0x31, 0xf3, 0x1f,
    0x30,

    /* U+006D "m" */
    0x2f, 0x4b, 0xfd, 0x51, 0xbf, 0xe7, 0x2, 0xfc,
    0x30, 0x6f, 0xc4, 0x4, 0xf5, 0x2f, 0x40, 0x0,
    0xf8, 0x0, 0xb, 0x82, 0xf2, 0x0, 0xe, 0x60,
    0x0, 0xb9, 0x2f, 0x20, 0x0, 0xe6, 0x0, 0xb,
    0x92, 0xf2, 0x0, 0xe, 0x60, 0x0, 0xb9, 0x2f,
    0x20, 0x0, 0xe6, 0x0, 0xb, 0x92, 0xf2, 0x0,
    0xe, 0x60, 0x0, 0xb9,

    /* U+006E "n" */
    0x2f, 0x3b, 0xfe, 0x80, 0x2f, 0xd3, 0x3, 0xe8,
    0x2f, 0x50, 0x0, 0x8c, 0x2f, 0x20, 0x0, 0x7d,
    0x2f, 0x20, 0x0, 0x7d, 0x2f, 0x20, 0x0, 0x7d,
    0x2f, 0x20, 0x0, 0x7d, 0x2f, 0x20, 0x0, 0x7d,

    /* U+006F "o" */
    0x0, 0x8d, 0xfd, 0x70, 0x0, 0xbd, 0x52, 0x5e,
    0x90, 0x4f, 0x20, 0x0, 0x4f, 0x27, 0xd0, 0x0,
    0x0, 0xf6, 0x7d, 0x0, 0x0, 0xf, 0x64, 0xf2,
    0x0, 0x3, 0xf3, 0xb, 0xd4, 0x25, 0xea, 0x0,
    0x8, 0xef, 0xd7, 0x0,

    /* U+0070 "p" */
    0x2f, 0x3a, 0xee, 0xa1, 0x2, 0xfd, 0x40, 0x2c,
    0xd0, 0x2f, 0x60, 0x0, 0x1f, 0x42, 0xf2, 0x0,
    0x0, 0xd7, 0x2f, 0x30, 0x0, 0xd, 0x72, 0xf7,
    0x0, 0x2, 0xf4, 0x2f, 0xd6, 0x24, 0xdc, 0x2,
    0xf4, 0xaf, 0xea, 0x10, 0x2f, 0x20, 0x0, 0x0,
    0x2, 0xf2, 0x0, 0x0, 0x0, 0x2f, 0x20, 0x0,
    0x0, 0x0,

    /* U+0071 "q" */
    0x0, 0x9e, 0xfa, 0x3f, 0x10, 0xcd, 0x42, 0x6d,
    0xf1, 0x4f, 0x20, 0x0, 0x7f, 0x17, 0xd0, 0x0,
    0x3, 0xf1, 0x7d, 0x0, 0x0, 0x3f, 0x14, 0xf2,
    0x0, 0x7, 0xf1, 0xc, 0xd4, 0x26, 0xef, 0x10,
    0x1a, 0xef, 0xa4, 0xf1, 0x0, 0x0, 0x0, 0x3f,
    0x10, 0x0, 0x0, 0x3, 0xf1, 0x0, 0x0, 0x0,
    0x3f, 0x10,

    /* U+0072 "r" */
    0x0, 0x0, 0x0, 0x2f, 0x4c, 0xf4, 0x2f, 0xd4,
    0x0, 0x2f, 0x60, 0x0, 0x2f, 0x20, 0x0, 0x2f,
    0x20, 0x0, 0x2f, 0x20, 0x0, 0x2f, 0x20, 0x0,
    0x2f, 0x20, 0x0,

    /* U+0073 "s" */
    0x4, 0xcf, 0xe9, 0x0, 0x2f, 0x82, 0x3c, 0xa0,
    0x4f, 0x20, 0x1, 0x20, 0xa, 0xea, 0x61, 0x0,
    0x0, 0x26, 0xaf, 0x80, 0x16, 0x0, 0x5, 0xf1,
    0x2f, 0x82, 0x2a, 0xe0, 0x4, 0xcf, 0xfb, 0x20,

    /* U+0074 "t" */
    0x8, 0xc0, 0x0, 0x8c, 0x0, 0x8, 0xc0, 0xd,
    0xff, 0xfb, 0x8, 0xc0, 0x0, 0x8c, 0x0, 0x8,
    0xc0, 0x0, 0x8c, 0x0, 0x8, 0xc0, 0x0, 0x6f,
    0x31, 0x1, 0xcf, 0x80,

    /* U+0075 "u" */
    0x2f, 0x20, 0x0, 0x8c, 0x2f, 0x20, 0x0, 0x8c,
    0x2f, 0x20, 0x0, 0x8c, 0x2f, 0x20, 0x0, 0x8c,
    0x2f, 0x20, 0x0, 0x9c, 0x1f, 0x40, 0x0, 0xcc,
    0xc, 0xc3, 0x39, 0xec, 0x2, 0xbf, 0xe8, 0x7d,

    /* U+0076 "v" */
    0xac, 0x0, 0x0, 0x9d, 0x4, 0xf2, 0x0, 0xf,
    0x60, 0xd, 0x80, 0x5, 0xf1, 0x0, 0x7e, 0x0,
    0xba, 0x0, 0x1, 0xf4, 0x1f, 0x30, 0x0, 0xa,
    0xa7, 0xd0, 0x0, 0x0, 0x4f, 0xd6, 0x0, 0x0,
    0x0, 0xdf, 0x10, 0x0,

    /* U+0077 "w" */
    0xbb, 0x0, 0x9, 0xf3, 0x0, 0xf, 0x66, 0xf0,
    0x0, 0xed, 0x80, 0x5, 0xf1, 0x1f, 0x40, 0x3e,
    0x4d, 0x0, 0x9c, 0x0, 0xc9, 0x8, 0x90, 0xf2,
    0xe, 0x70, 0x7, 0xd0, 0xd4, 0xa, 0x72, 0xf2,
    0x0, 0x2f, 0x4f, 0x0, 0x6c, 0x6d, 0x0, 0x0,
    0xdd, 0xb0, 0x1, 0xfc, 0x80, 0x0, 0x8, 0xf6,
    0x0, 0xc, 0xf3, 0x0,

    /* U+0078 "x" */
    0x6f, 0x30, 0x8, 0xf2, 0xb, 0xd0, 0x3f, 0x50,
    0x1, 0xe9, 0xda, 0x0, 0x0, 0x4f, 0xe1, 0x0,
    0x0, 0x5f, 0xd0, 0x0, 0x2, 0xf8, 0xda, 0x0,
    0xc, 0xc0, 0x3f, 0x50, 0x8f, 0x20, 0x8, 0xe1,

    /* U+0079 "y" */
    0xac, 0x0, 0x0, 0xbb, 0x3f, 0x30, 0x1, 0xf5,
    0xd, 0x90, 0x7, 0xe0, 0x6, 0xf0, 0xd, 0x80,
    0x0, 0xf6, 0x3f, 0x20, 0x0, 0x9c, 0x9c, 0x0,
    0x0, 0x2f, 0xf5, 0x0, 0x0, 0xb, 0xe0, 0x0,
    0x0, 0xd, 0x80, 0x0, 0x14, 0x9f, 0x20, 0x0,
    0x3f, 0xd5, 0x0, 0x0,

    /* U+007A "z" */
    0x7f, 0xff, 0xff, 0xe0, 0x1, 0x11, 0x3f, 0x80,
    0x0, 0x0, 0xda, 0x0, 0x0, 0xb, 0xd0, 0x0,
    0x0, 0x8e, 0x20, 0x0, 0x5, 0xf4, 0x0, 0x0,
    0x2f, 0x82, 0x22, 0x20, 0x8f, 0xff, 0xff, 0xf1,

    /* U+007B "{" */
    0x0, 0x3b, 0xe8, 0x0, 0xdb, 0x31, 0x0, 0xe5,
    0x0, 0x0, 0xc7, 0x0, 0x0, 0x99, 0x0, 0x1,
    0xd8, 0x0, 0x3f, 0xd1, 0x0, 0x4, 0xe6, 0x0,
    0x0, 0x99, 0x0, 0x0, 0xa8, 0x0, 0x0, 0xd7,
    0x0, 0x0, 0xe5, 0x0, 0x0, 0xda, 0x10, 0x0,
    0x4e, 0xf8, 0x0, 0x0, 0x11,

    /* U+007C "|" */
    0xb7, 0xb7, 0xb7, 0xb7, 0xb7, 0xb7, 0xb7, 0xb7,
    0xb7, 0xb7, 0xb7, 0xb7, 0xb7, 0xb7,

    /* U+007D "}" */
    0x6e, 0xc4, 0x0, 0x3, 0x9f, 0x0, 0x0, 0x3f,
    0x10, 0x0, 0x5e, 0x0, 0x0, 0x7c, 0x0, 0x0,
    0x6e, 0x20, 0x0, 0xb, 0xf6, 0x0, 0x4f, 0x51,
    0x0, 0x7c, 0x0, 0x0, 0x6d, 0x0, 0x0, 0x4f,
    0x0, 0x0, 0x2f, 0x10, 0x0, 0x8f, 0x0, 0x6f,
    0xe5, 0x0, 0x2, 0x0, 0x0,

    /* U+007E "~" */
    0x9, 0xeb, 0x41, 0xe0, 0x1f, 0x26, 0xef, 0xa0,
    0x1, 0x0, 0x1, 0x0,

    /* U+4E0A "上" */
    0x0, 0x0, 0x0, 0x2d, 0x0, 0x0, 0x0, 0x0,
    0x0, 0x0, 0x3, 0xf0, 0x0, 0x0, 0x0, 0x0,
    0x0, 0x0, 0x3f, 0x0, 0x0, 0x0, 0x0, 0x0,
    0x0, 0x3, 0xf0, 0x0, 0x0, 0x0, 0x0, 0x0,
    0x0, 0x3f, 0x22, 0x22, 0x22, 0x0, 0x0, 0x0,
    0x3, 0xff, 0xff, 0xff, 0xf1, 0x0, 0x0, 0x0,
    0x3f, 0x0, 0x0, 0x0, 0x0, 0x0, 0x0, 0x3,
    0xf0, 0x0, 0x0, 0x0, 0x0, 0x0, 0x0, 0x3f,
    0x0, 0x0, 0x0, 0x0, 0x0, 0x0, 0x3, 0xf0,
    0x0, 0x0, 0x0, 0x0, 0x0, 0x0, 0x3f, 0x0,
    0x0, 0x0, 0x0, 0x0, 0x0, 0x3, 0xf0, 0x0,
    0x0, 0x0, 0x0, 0x0, 0x0, 0x3f, 0x0, 0x0,
    0x0, 0x6, 0xff, 0xff, 0xff, 0xff, 0xff, 0xff,
    0xff, 0x1, 0x11, 0x11, 0x11, 0x11, 0x11, 0x11,
    0x10,

    /* U+4E0B "下" */
    0x0, 0x0, 0x0, 0x0, 0x0, 0x0, 0x0, 0x1,
    0xff, 0xff, 0xff, 0xff, 0xff, 0xff, 0xfe, 0x2,
    0x22, 0x22, 0x3f, 0x42, 0x22, 0x22, 0x10, 0x0,
    0x0, 0x1, 0xf2, 0x0, 0x0, 0x0, 0x0, 0x0,
    0x0, 0x1f, 0xe2, 0x0, 0x0, 0x0, 0x0, 0x0,
    0x1, 0xfb, 0xe4, 0x0, 0x0, 0x0, 0x0, 0x0,
    0x1f, 0x26, 0xf7, 0x0, 0x0, 0x0, 0x0, 0x1,
    0xf2, 0x4, 0xf9, 0x0, 0x0, 0x0, 0x0, 0x1f,
    0x20, 0x2, 0xea, 0x0, 0x0, 0x0, 0x1, 0xf2,
    0x0, 0x1, 0x50, 0x0, 0x0, 0x0, 0x1f, 0x20,
    0x0, 0x0, 0x0, 0x0, 0x0, 0x1, 0xf2, 0x0,
    0x0, 0x0, 0x0, 0x0, 0x0, 0x1f, 0x20, 0x0,
    0x0, 0x0, 0x0, 0x0, 0x1, 0xf2, 0x0, 0x0,
    0x0, 0x0, 0x0, 0x0, 0x1f, 0x20, 0x0, 0x0,
    0x0,

    /* U+4E2D "中" */
    0x0, 0x0, 0x0, 0x10, 0x0, 0x0, 0x0, 0x0,
    0x0, 0xe, 0x40, 0x0, 0x0, 0x0, 0x0, 0x0,
    0xe4, 0x0, 0x0, 0x0, 0x0, 0x0, 0xe, 0x40,
    0x0, 0x0, 0x3f, 0xff, 0xff, 0xff, 0xff, 0xff,
    0x83, 0xf2, 0x22, 0x2f, 0x62, 0x22, 0xa8, 0x3f,
    0x0, 0x0, 0xe4, 0x0, 0xa, 0x83, 0xf0, 0x0,
    0xe, 0x40, 0x0, 0xa8, 0x3f, 0x0, 0x0, 0xe4,
    0x0, 0xa, 0x83, 0xf2, 0x22, 0x2f, 0x62, 0x22,
    0xa8, 0x3f, 0xff, 0xff, 0xff, 0xff, 0xff, 0x80,
    0x0, 0x0, 0xe, 0x40, 0x0, 0x0, 0x0, 0x0,
    0x0, 0xe4, 0x0, 0x0, 0x0, 0x0, 0x0, 0xe,
    0x40, 0x0, 0x0, 0x0, 0x0, 0x0, 0xe4, 0x0,
    0x0, 0x0, 0x0, 0x0, 0xe, 0x40, 0x0, 0x0,

    /* U+4E3A "为" */
    0x0, 0x17, 0x0, 0xb, 0x20, 0x0, 0x0, 0x0,
    0x1d, 0x80, 0xf, 0x20, 0x0, 0x0, 0x0, 0x2,
    0xf5, 0x1f, 0x10, 0x0, 0x0, 0x1, 0x22, 0x63,
    0x5f, 0x22, 0x22, 0x22, 0x9, 0xff, 0xff, 0xff,
    0xff, 0xff, 0xfd, 0x0, 0x0, 0x0, 0x7c, 0x0,
    0x0, 0x5d, 0x0, 0x0, 0x0, 0xa8, 0x40, 0x0,
    0x5c, 0x0, 0x0, 0x0, 0xf5, 0xcb, 0x0, 0x6c,
    0x0, 0x0, 0x5, 0xe0, 0x1d, 0xa0, 0x7b, 0x0,
    0x0, 0xd, 0x70, 0x1, 0xb1, 0x8a, 0x0, 0x0,
    0xad, 0x0, 0x0, 0x0, 0x99, 0x0, 0x8, 0xf2,
    0x0, 0x0, 0x0, 0xa8, 0x0, 0xaf, 0x30, 0x0,
    0x23, 0x35, 0xe6, 0xc, 0xd2, 0x0, 0x0, 0x5f,
    0xfe, 0xa1, 0x2, 0x10, 0x0, 0x0, 0x0, 0x0,
    0x0,

    /* U+4EBA "人" */
    0x0, 0x0, 0x0, 0xa, 0x50, 0x0, 0x0, 0x0,
    0x0, 0x0, 0x0, 0xe9, 0x0, 0x0, 0x0, 0x0,
    0x0, 0x0, 0xf, 0xc0, 0x0, 0x0, 0x0, 0x0,
    0x0, 0x0, 0xfc, 0x0, 0x0, 0x0, 0x0, 0x0,
    0x0, 0xf, 0xe0, 0x0, 0x0, 0x0, 0x0, 0x0,
    0x3, 0xff, 0x0, 0x0, 0x0, 0x0, 0x0, 0x0,
    0x8c, 0xe4, 0x0, 0x0, 0x0, 0x0, 0x0, 0xe,
    0x69, 0xa0, 0x0, 0x0, 0x0, 0x0, 0x6, 0xe0,
    0x2f, 0x30, 0x0, 0x0, 0x0, 0x1, 0xe7, 0x0,
    0x9c, 0x0, 0x0, 0x0, 0x0, 0xbc, 0x0, 0x1,
    0xe8, 0x0, 0x0, 0x0, 0xae, 0x20, 0x0, 0x3,
    0xf6, 0x0, 0x0, 0xbe, 0x30, 0x0, 0x0, 0x5,
    0xf7, 0x0, 0xde, 0x30, 0x0, 0x0, 0x0, 0x5,
    0xf9, 0x4, 0x10, 0x0, 0x0, 0x0, 0x0, 0x4,
    0x30,

    /* U+4F18 "优" */
    0x0, 0x0, 0xc1, 0x0, 0xb4, 0x4, 0x0, 0x0,
    0x0, 0x5d, 0x0, 0xd, 0x41, 0xe8, 0x0, 0x0,
    0xc, 0x70, 0x0, 0xe4, 0x1, 0xd6, 0x0, 0x3,
    0xf1, 0x22, 0x2f, 0x62, 0x24, 0x42, 0x0, 0xdf,
    0x1f, 0xff, 0xff, 0xff, 0xff, 0xc0, 0x3f, 0xf0,
    0x0, 0xf, 0x28, 0x0, 0x0, 0xc, 0xbe, 0x0,
    0x2, 0xf0, 0xf1, 0x0, 0x4, 0xd4, 0xe0, 0x0,
    0x4e, 0xf, 0x10, 0x0, 0x1, 0x3e, 0x0, 0x8,
    0xb0, 0xf1, 0x0, 0x0, 0x3, 0xe0, 0x0, 0xc7,
    0xf, 0x10, 0x0, 0x0, 0x3e, 0x0, 0x3f, 0x10,
    0xf1, 0x2, 0xb0, 0x3, 0xe0, 0xc, 0x90, 0xf,
    0x10, 0x3d, 0x0, 0x3e, 0x7, 0xe1, 0x0, 0xf4,
    0x18, 0xb0, 0x3, 0xe5, 0xf4, 0x0, 0xa, 0xff,
    0xe4, 0x0, 0x3e, 0x87, 0x0, 0x0, 0x0, 0x0,
    0x0, 0x0, 0x0, 0x0, 0x0, 0x0, 0x0, 0x0,

    /* U+4F24 "伤" */
    0x0, 0x0, 0x0, 0x0, 0x10, 0x0, 0x0, 0x0,
    0x0, 0xe, 0x10, 0x5d, 0x0, 0x0, 0x0, 0x0,
    0x6, 0xb0, 0xd, 0x50, 0x0, 0x0, 0x0, 0x0,
    0xc5, 0x7, 0xff, 0xff, 0xff, 0xff, 0x0, 0x4f,
    0x2, 0xf6, 0x43, 0x22, 0x22, 0x20, 0xf, 0xf1,
    0xd7, 0xd, 0x50, 0x0, 0x0, 0x4, 0xff, 0x7,
    0x0, 0xd4, 0x0, 0x0, 0x0, 0xd9, 0xf0, 0xde,
    0xef, 0xfe, 0xee, 0xe0, 0x5c, 0x3f, 0x2, 0x33,
    0xf5, 0x33, 0x5f, 0x0, 0x3, 0xf0, 0x0, 0x1f,
    0x0, 0x3, 0xe0, 0x0, 0x3f, 0x0, 0x4, 0xd0,
    0x0, 0x4d, 0x0, 0x3, 0xf0, 0x0, 0x98, 0x0,
    0x5, 0xc0, 0x0, 0x3f, 0x0, 0x1f, 0x30, 0x0,
    0x6b, 0x0, 0x3, 0xf0, 0xc, 0xa0, 0x33, 0x3b,
    0x90, 0x0, 0x3f, 0x1c, 0xc0, 0xa, 0xff, 0xc2,
    0x0, 0x3, 0xf8, 0xb1, 0x0, 0x0, 0x0, 0x0,
    0x0, 0x0, 0x0, 0x0, 0x0, 0x0, 0x0, 0x0,

    /* U+4F4E "低" */
    0x0, 0x0, 0x0, 0x0, 0x0, 0x0, 0x0, 0x0,
    0x0, 0x1, 0xe0, 0x0, 0x0, 0x1, 0x36, 0x10,
    0x0, 0x7, 0xb0, 0x79, 0xbc, 0xff, 0xfc, 0x20,
    0x0, 0xd, 0x51, 0xf9, 0x86, 0xf6, 0x0, 0x0,
    0x0, 0x5f, 0x1, 0xf0, 0x0, 0xb5, 0x0, 0x0,
    0x0, 0xff, 0x1, 0xf0, 0x0, 0xb6, 0x0, 0x0,
    0x4, 0xff, 0x1, 0xf1, 0x11, 0xb8, 0x11, 0x10,
    0xd, 0x9e, 0x1, 0xff, 0xff, 0xff, 0xff, 0xe0,
    0x5d, 0x3e, 0x1, 0xf0, 0x0, 0x7a, 0x0, 0x0,
    0x1, 0x3e, 0x1, 0xf0, 0x0, 0x4c, 0x0, 0x0,
    0x0, 0x3e, 0x1, 0xf0, 0x1, 0x1f, 0x0, 0x0,
    0x0, 0x3e, 0x1, 0xf0, 0x4e, 0x3d, 0x30, 0x30,
    0x0, 0x3e, 0x1, 0xfa, 0xe5, 0x9, 0x90, 0xf0,
    0x0, 0x3e, 0x6, 0xf8, 0x9b, 0x3, 0xf9, 0xb0,
    0x0, 0x3e, 0x1, 0x20, 0x1e, 0x80, 0x8e, 0x30,
    0x0, 0x3e, 0x0, 0x0, 0x5, 0x50, 0x0, 0x0,
    0x0, 0x0, 0x0, 0x0, 0x0, 0x0, 0x0, 0x0,

    /* U+4FDD "保" */
    0x0, 0x0, 0xc3, 0x11, 0x11, 0x11, 0x11, 0x0,
    0x0, 0x5, 0xf0, 0xef, 0xff, 0xff, 0xff, 0x0,
    0x0, 0xb, 0xa0, 0xe3, 0x0, 0x0, 0x2f, 0x0,
    0x0, 0x2f, 0x30, 0xe3, 0x0, 0x0, 0x2f, 0x0,
    0x0, 0xcf, 0x0, 0xe5, 0x11, 0x11, 0x4f, 0x0,
    0x1, 0xff, 0x0, 0xef, 0xff, 0xff, 0xfe, 0x0,
    0x9, 0xfe, 0x0, 0x0, 0x2, 0x80, 0x0, 0x0,
    0x1f, 0x5e, 0x1, 0x11, 0x16, 0xf1, 0x11, 0x10,
    0x1, 0x2e, 0xa, 0xff, 0xff, 0xff, 0xff, 0xf3,
    0x0, 0x2e, 0x0, 0x0, 0x9c, 0xed, 0x10, 0x0,
    0x0, 0x2e, 0x0, 0x4, 0xe5, 0xd7, 0xb0, 0x0,
    0x0, 0x2e, 0x0, 0x3e, 0x54, 0xd0, 0xc9, 0x0,
    0x0, 0x2e, 0x5, 0xf7, 0x4, 0xd0, 0x1d, 0xb1,
    0x0, 0x2e, 0x2e, 0x50, 0x4, 0xd0, 0x1, 0xb6,
    0x0, 0x2e, 0x0, 0x0, 0x4, 0xd0, 0x0, 0x0,
    0x0, 0x0, 0x0, 0x0, 0x0, 0x0, 0x0, 0x0,

    /* U+503C "值" */
    0x0, 0x2, 0x0, 0x0, 0x3, 0x0, 0x0, 0x0,
    0x0, 0xf3, 0x0, 0x1, 0xf0, 0x0, 0x0, 0x0,
    0x4e, 0x1c, 0xcc, 0xdf, 0xdc, 0xcc, 0x50, 0xa,
    0x90, 0x33, 0x34, 0xf3, 0x33, 0x31, 0x0, 0xf8,
    0x0, 0x0, 0x1f, 0x0, 0x0, 0x0, 0x6f, 0x40,
    0x7f, 0xff, 0xff, 0xff, 0x60, 0xd, 0xf4, 0x7,
    0xa0, 0x0, 0x0, 0xb6, 0x5, 0xee, 0x40, 0x7f,
    0xee, 0xee, 0xef, 0x60, 0x76, 0xd4, 0x7, 0xa0,
    0x0, 0x0, 0xb6, 0x0, 0xd, 0x40, 0x7f, 0xdd,
    0xdd, 0xdf, 0x60, 0x0, 0xd4, 0x7, 0xc2, 0x22,
    0x22, 0xc6, 0x0, 0xd, 0x40, 0x7b, 0x11, 0x11,
    0x1c, 0x60, 0x0, 0xd4, 0x7, 0xfd, 0xdd, 0xdd,
    0xf6, 0x0, 0xd, 0x40, 0x7a, 0x0, 0x0, 0xb,
    0x60, 0x0, 0xd4, 0xff, 0xff, 0xff, 0xff, 0xff,
    0xe0, 0xd, 0x40, 0x0, 0x0, 0x0, 0x0, 0x0,

    /* U+505C "停" */
    0x0, 0x0, 0x10, 0x0, 0x3, 0x0, 0x0, 0x0,
    0x0, 0x5e, 0x0, 0x1, 0xf4, 0x0, 0x0, 0x0,
    0xa, 0x96, 0x99, 0x9f, 0xe9, 0x99, 0x90, 0x0,
    0xf3, 0x35, 0x55, 0x55, 0x55, 0x55, 0x0, 0x7f,
    0x0, 0xaa, 0xaa, 0xaa, 0xa5, 0x0, 0xf, 0xf0,
    0xf, 0x33, 0x33, 0x3a, 0x80, 0x6, 0xfd, 0x0,
    0xfb, 0xbb, 0xbb, 0xd8, 0x0, 0xea, 0xd0, 0x2,
    0x22, 0x22, 0x22, 0x10, 0x2b, 0x4d, 0xd, 0xdd,
    0xdd, 0xdd, 0xdd, 0xa0, 0x3, 0xd0, 0xe2, 0x22,
    0x22, 0x22, 0x7d, 0x0, 0x3d, 0xd, 0x33, 0x33,
    0x33, 0x36, 0xd0, 0x3, 0xd0, 0x9, 0xbb, 0xff,
    0xbb, 0x20, 0x0, 0x3d, 0x0, 0x0, 0x9, 0x80,
    0x0, 0x0, 0x3, 0xd0, 0x0, 0x0, 0x98, 0x0,
    0x0, 0x0, 0x3d, 0x0, 0x2, 0x1b, 0x70, 0x0,
    0x0, 0x3, 0xd0, 0x0, 0xef, 0xd2, 0x0, 0x0,

    /* U+513F "儿" */
    0x0, 0x0, 0xd3, 0x0, 0x2e, 0x0, 0x0, 0x0,
    0x0, 0xe, 0x40, 0x2, 0xf0, 0x0, 0x0, 0x0,
    0x0, 0xe4, 0x0, 0x2f, 0x0, 0x0, 0x0, 0x0,
    0xe, 0x40, 0x2, 0xf0, 0x0, 0x0, 0x0, 0x0,
    0xe4, 0x0, 0x2f, 0x0, 0x0, 0x0, 0x0, 0xe,
    0x40, 0x2, 0xf0, 0x0, 0x0, 0x0, 0x0, 0xf3,
    0x0, 0x2f, 0x0, 0x0, 0x0, 0x0, 0xf, 0x30,
    0x2, 0xf0, 0x0, 0x0, 0x0, 0x1, 0xf2, 0x0,
    0x2f, 0x0, 0x0, 0x0, 0x0, 0x4f, 0x0, 0x2,
    0xf0, 0x0, 0x10, 0x0, 0xa, 0xb0, 0x0, 0x2f,
    0x0, 0x6, 0xb0, 0x3, 0xf4, 0x0, 0x2, 0xf0,
    0x0, 0x8a, 0x3, 0xea, 0x0, 0x0, 0x1f, 0x53,
    0x3d, 0x74, 0xfb, 0x0, 0x0, 0x0, 0x9f, 0xff,
    0xc1, 0x17, 0x0, 0x0, 0x0, 0x0, 0x0, 0x0,
    0x0,

    /* U+5145 "充" */
    0x0, 0x0, 0x0, 0x1, 0x0, 0x0, 0x0, 0x0,
    0x0, 0x0, 0x2, 0xf1, 0x0, 0x0, 0x0, 0x0,
    0x0, 0x0, 0xb, 0x80, 0x0, 0x0, 0x1, 0xff,
    0xff, 0xff, 0xff, 0xff, 0xff, 0xf8, 0x2, 0x22,
    0x28, 0xf4, 0x22, 0x32, 0x22, 0x10, 0x0, 0x5,
    0xf3, 0x0, 0x4e, 0x20, 0x0, 0x0, 0x4, 0xf4,
    0x0, 0x0, 0x8e, 0x20, 0x0, 0x7, 0xf6, 0x23,
    0x34, 0x56, 0xff, 0x10, 0x4, 0xff, 0xff, 0xfd,
    0xff, 0xaa, 0xfb, 0x0, 0x0, 0x0, 0xf3, 0x3,
    0xf0, 0x1, 0x40, 0x0, 0x0, 0x3f, 0x0, 0x3f,
    0x0, 0x0, 0x0, 0x0, 0x8, 0xd0, 0x3, 0xf0,
    0x0, 0x23, 0x0, 0x3, 0xf5, 0x0, 0x3f, 0x0,
    0x7, 0xb0, 0x6, 0xf9, 0x0, 0x3, 0xf4, 0x22,
    0xb9, 0x1d, 0xe6, 0x0, 0x0, 0xc, 0xff, 0xfe,
    0x30, 0x50, 0x0, 0x0, 0x0, 0x0, 0x0, 0x0,

    /* U+5148 "先" */
    0x0, 0x0, 0x30, 0x4, 0xb0, 0x0, 0x0, 0x0,
    0x0, 0x4d, 0x0, 0x5d, 0x0, 0x0, 0x0, 0x0,
    0xc, 0xa3, 0x38, 0xf3, 0x33, 0x33, 0x0, 0x1,
    0xff, 0xee, 0xff, 0xee, 0xee, 0xe3, 0x0, 0xaa,
    0x0, 0x5, 0xd0, 0x0, 0x0, 0x0, 0x3f, 0x10,
    0x0, 0x5d, 0x0, 0x0, 0x0, 0x3, 0x63, 0x33,
    0x38, 0xf3, 0x33, 0x33, 0x21, 0xee, 0xee, 0xff,
    0xff, 0xff, 0xee, 0xeb, 0x0, 0x0, 0xc, 0x60,
    0xa, 0x70, 0x0, 0x0, 0x0, 0x0, 0xe4, 0x0,
    0xa7, 0x0, 0x0, 0x0, 0x0, 0x3f, 0x10, 0xa,
    0x70, 0x4, 0x70, 0x0, 0xc, 0xa0, 0x0, 0xa7,
    0x0, 0x7a, 0x0, 0x3d, 0xd1, 0x0, 0xa, 0x92,
    0x2a, 0x80, 0x8f, 0xa0, 0x0, 0x0, 0x5e, 0xff,
    0xd2, 0x2, 0x30, 0x0, 0x0, 0x0, 0x0, 0x0,
    0x0,

    /* U+5173 "关" */
    0x0, 0x0, 0x20, 0x0, 0x0, 0x2, 0x0, 0x0,
    0x0, 0x6e, 0x20, 0x0, 0x7, 0xe0, 0x0, 0x0,
    0x0, 0xac, 0x0, 0x3, 0xf5, 0x0, 0x0, 0x1,
    0x12, 0xc2, 0x12, 0xfa, 0x11, 0x0, 0x5, 0xff,
    0xff, 0xff, 0xff, 0xff, 0xfb, 0x0, 0x0, 0x0,
    0x0, 0xf6, 0x0, 0x0, 0x0, 0x0, 0x0, 0x0,
    0xe, 0x50, 0x0, 0x0, 0x0, 0x0, 0x0, 0x0,
    0xe5, 0x0, 0x0, 0x0, 0x1f, 0xff, 0xff, 0xff,
    0xff, 0xff, 0xff, 0x70, 0x44, 0x44, 0x46, 0xfd,
    0x44, 0x44, 0x42, 0x0, 0x0, 0x0, 0xaf, 0xe0,
    0x0, 0x0, 0x0, 0x0, 0x0, 0x5f, 0x3c, 0xa0,
    0x0, 0x0, 0x0, 0x0, 0x7f, 0x60, 0x1e, 0xa0,
    0x0, 0x0, 0x4, 0xcf, 0x50, 0x0, 0x1c, 0xe6,
    0x0, 0x1d, 0xf9, 0x10, 0x0, 0x0, 0x7, 0xef,
    0x70, 0x72, 0x0, 0x0, 0x0, 0x0, 0x0, 0x53,

    /* U+51BB "冻" */
    0x0, 0x0, 0x0, 0x0, 0x0, 0x0, 0x0, 0x0,
    0x1, 0x20, 0x0, 0x0, 0xf2, 0x0, 0x0, 0x0,
    0x7, 0xc0, 0x0, 0x5, 0xd0, 0x0, 0x0, 0x0,
    0x0, 0xe4, 0x1f, 0xff, 0xff, 0xff, 0xff, 0xd0,
    0x0, 0x8b, 0x2, 0x4f, 0x32, 0x22, 0x22, 0x10,
    0x0, 0x1f, 0x10, 0x99, 0x9, 0x50, 0x0, 0x0,
    0x0, 0x2, 0x1, 0xf2, 0xb, 0x70, 0x0, 0x0,
    0x0, 0x0, 0x8, 0xb0, 0xb, 0x70, 0x0, 0x0,
    0x0, 0xc, 0x1d, 0xff, 0xff, 0xff, 0xff, 0x40,
    0x0, 0x2f, 0x1, 0x22, 0x2d, 0x92, 0x22, 0x0,
    0x0, 0x7b, 0x0, 0x83, 0xb, 0x72, 0x80, 0x0,
    0x0, 0xb7, 0x2, 0xf2, 0xb, 0x72, 0xf6, 0x0,
    0x1, 0xf2, 0xa, 0xa0, 0xb, 0x70, 0x7f, 0x20,
    0x6, 0xc0, 0x3f, 0x20, 0xb, 0x70, 0xc, 0xc0,
    0xd, 0x60, 0xd8, 0x3, 0x3d, 0x60, 0x2, 0xf4,
    0x4, 0x0, 0x50, 0x1f, 0xec, 0x10, 0x0, 0x30,
    0x0, 0x0, 0x0, 0x0, 0x0, 0x0, 0x0, 0x0,

    /* U+51FA "出" */
    0x0, 0x0, 0x0, 0x0, 0x0, 0x0, 0x0, 0x0,
    0x0, 0xe, 0x30, 0x0, 0x0, 0x5, 0x40, 0x0,
    0xe3, 0x0, 0x8, 0x20, 0xa7, 0x0, 0xe, 0x30,
    0x0, 0xe3, 0xa, 0x70, 0x0, 0xe3, 0x0, 0xe,
    0x30, 0xa7, 0x0, 0xe, 0x30, 0x0, 0xe3, 0xa,
    0x93, 0x33, 0xf6, 0x33, 0x3e, 0x30, 0xaf, 0xff,
    0xff, 0xff, 0xff, 0xf3, 0x0, 0x0, 0x0, 0xe3,
    0x0, 0x0, 0x1, 0xc0, 0x0, 0xe, 0x30, 0x0,
    0x69, 0x1f, 0x10, 0x0, 0xe3, 0x0, 0x7, 0xb1,
    0xf1, 0x0, 0xe, 0x30, 0x0, 0x7b, 0x1f, 0x10,
    0x0, 0xe3, 0x0, 0x7, 0xb1, 0xf1, 0x0, 0xe,
    0x30, 0x0, 0x7b, 0x1f, 0xee, 0xee, 0xff, 0xee,
    0xef, 0xb0,

    /* U+5207 "切" */
    0x0, 0x2f, 0x0, 0x0, 0x0, 0x0, 0x0, 0x0,
    0x2, 0xf0, 0x4, 0xbb, 0xbb, 0xbb, 0xb2, 0x0,
    0x2f, 0x0, 0x26, 0x9f, 0x66, 0x6f, 0x30, 0x2,
    0xf0, 0x0, 0x4, 0xe0, 0x0, 0xf3, 0x15, 0xaf,
    0xbd, 0xe0, 0x4e, 0x0, 0xf, 0x34, 0xcd, 0xf6,
    0x42, 0x5, 0xd0, 0x0, 0xf2, 0x0, 0x2f, 0x0,
    0x0, 0x6c, 0x0, 0xf, 0x20, 0x2, 0xf0, 0x0,
    0x8, 0xa0, 0x1, 0xf1, 0x0, 0x2f, 0x0, 0x0,
    0xb8, 0x0, 0x1f, 0x10, 0x2, 0xf0, 0x6, 0xe,
    0x40, 0x2, 0xf0, 0x0, 0x2f, 0x4d, 0xc5, 0xe0,
    0x0, 0x3f, 0x0, 0x5, 0xff, 0x71, 0xe7, 0x0,
    0x4, 0xe0, 0x0, 0x69, 0x10, 0xcc, 0x0, 0x33,
    0xac, 0x0, 0x0, 0x0, 0xbd, 0x10, 0xf, 0xfd,
    0x40, 0x0, 0x0, 0x6, 0x10, 0x0, 0x0, 0x0,
    0x0,

    /* U+521B "创" */
    0x0, 0x0, 0x0, 0x0, 0x0, 0x0, 0x0, 0x0,
    0x0, 0x4d, 0x0, 0x0, 0x0, 0x19, 0x0, 0x0,
    0xff, 0x40, 0x0, 0x60, 0x1f, 0x0, 0xa, 0xd6,
    0xf5, 0x1, 0xf0, 0x1f, 0x0, 0x9e, 0x20, 0x4f,
    0x61, 0xf0, 0x1f, 0xa, 0xf3, 0x0, 0x4, 0xf5,
    0xf0, 0x1f, 0x6d, 0xb9, 0x99, 0x99, 0x31, 0xf0,
    0x1f, 0x0, 0xe8, 0x77, 0x8f, 0x1, 0xf0, 0x1f,
    0x0, 0xe2, 0x0, 0x1e, 0x1, 0xf0, 0x1f, 0x0,
    0xe2, 0x0, 0x2e, 0x1, 0xf0, 0x1f, 0x0, 0xe2,
    0x36, 0x9c, 0x1, 0xf0, 0x1f, 0x0, 0xe2, 0x4b,
    0xa3, 0x1, 0xe0, 0x1f, 0x0, 0xe2, 0x0, 0x2,
    0xd0, 0x0, 0x1f, 0x0, 0xe6, 0x11, 0x17, 0xc0,
    0x24, 0x7f, 0x0, 0x8f, 0xff, 0xff, 0x60, 0x9f,
    0xe8, 0x0, 0x0, 0x0, 0x0, 0x0, 0x0, 0x0,

    /* U+52A0 "加" */
    0x0, 0xf, 0x20, 0x0, 0x0, 0x0, 0x0, 0x0,
    0x0, 0xf2, 0x0, 0x0, 0x0, 0x0, 0x0, 0x2,
    0x2f, 0x42, 0x21, 0xe, 0xff, 0xff, 0x32, 0xff,
    0xff, 0xff, 0x80, 0xf4, 0x11, 0xe3, 0x0, 0x1f,
    0x10, 0x98, 0xf, 0x30, 0xe, 0x30, 0x1, 0xf0,
    0x9, 0x80, 0xf3, 0x0, 0xe3, 0x0, 0x3f, 0x0,
    0x98, 0xf, 0x30, 0xe, 0x30, 0x4, 0xd0, 0xa,
    0x70, 0xf3, 0x0, 0xe3, 0x0, 0x6b, 0x0, 0xa7,
    0xf, 0x30, 0xe, 0x30, 0xa, 0x80, 0xa, 0x70,
    0xf3, 0x0, 0xe3, 0x0, 0xe4, 0x0, 0xb6, 0xf,
    0x30, 0xe, 0x30, 0x4e, 0x0, 0xc, 0x50, 0xf3,
    0x0, 0xe3, 0xc, 0x81, 0x44, 0xe3, 0xf, 0x41,
    0x1e, 0x34, 0xf1, 0x2f, 0xea, 0x0, 0xef, 0xff,
    0xf3, 0x3, 0x0, 0x0, 0x0, 0x0, 0x0, 0x0,
    0x0,

    /* U+52A8 "动" */
    0x0, 0x0, 0x0, 0x0, 0x0, 0x0, 0x0, 0x0,
    0x0, 0x0, 0x0, 0x0, 0xb6, 0x0, 0x0, 0x7,
    0xee, 0xee, 0xe0, 0xb, 0x60, 0x0, 0x0, 0x12,
    0x22, 0x22, 0x12, 0xe8, 0x22, 0x20, 0x0, 0x0,
    0x0, 0x9, 0xff, 0xff, 0xff, 0x50, 0x0, 0x0,
    0x0, 0x0, 0xc5, 0x0, 0xc4, 0x1d, 0xdf, 0xfd,
    0xda, 0xd, 0x40, 0xc, 0x40, 0x33, 0xf9, 0x33,
    0x20, 0xe3, 0x0, 0xd4, 0x0, 0x1f, 0x12, 0x0,
    0xf, 0x20, 0xd, 0x30, 0x6, 0xb0, 0xd5, 0x1,
    0xf0, 0x0, 0xd3, 0x0, 0xc5, 0x7, 0xc0, 0x4e,
    0x0, 0xe, 0x20, 0x3e, 0x0, 0x1f, 0x38, 0xa0,
    0x0, 0xf2, 0xb, 0xb6, 0x8a, 0xf9, 0xd5, 0x0,
    0xf, 0x11, 0xed, 0xca, 0x8a, 0xcf, 0x13, 0x48,
    0xf0, 0x0, 0x0, 0x0, 0xc, 0x80, 0xff, 0xd7,
    0x0, 0x0, 0x0, 0x0, 0x60, 0x0, 0x0, 0x0,

    /* U+533A "区" */
    0x11, 0x11, 0x11, 0x11, 0x11, 0x11, 0x1f, 0xff,
    0xff, 0xff, 0xff, 0xff, 0xf9, 0xf5, 0x11, 0x11,
    0x11, 0x12, 0x31, 0xf, 0x44, 0xe3, 0x0, 0x0,
    0xbb, 0x0, 0xf4, 0x8, 0xf4, 0x0, 0x7f, 0x20,
    0xf, 0x40, 0x7, 0xf5, 0x5f, 0x40, 0x0, 0xf4,
    0x0, 0x6, 0xff, 0x70, 0x0, 0xf, 0x40, 0x0,
    0x4f, 0xf5, 0x0, 0x0, 0xf4, 0x0, 0x4f, 0x97,
    0xf4, 0x0, 0xf, 0x40, 0x5f, 0x80, 0x8, 0xf3,
    0x0, 0xf4, 0x8f, 0x70, 0x0, 0xa, 0xe1, 0xf,
    0x5d, 0x50, 0x0, 0x0, 0xc, 0x50, 0xf5, 0x22,
    0x22, 0x22, 0x22, 0x22, 0x2f, 0xff, 0xff, 0xff,
    0xff, 0xff, 0xfe,

    /* U+5355 "单" */
    0x0, 0x0, 0x10, 0x0, 0x0, 0x11, 0x0, 0x0,
    0x0, 0xb, 0x70, 0x0, 0xd, 0x80, 0x0, 0x0,
    0x0, 0x2e, 0x10, 0xb, 0xc0, 0x0, 0x0, 0x9,
    0xff, 0xff, 0xff, 0xff, 0xff, 0x50, 0x0, 0x99,
    0x0, 0xe, 0x30, 0x0, 0xc5, 0x0, 0x9, 0x90,
    0x0, 0xe4, 0x0, 0xc, 0x50, 0x0, 0x9f, 0xff,
    0xff, 0xff, 0xff, 0xf5, 0x0, 0x9, 0x90, 0x0,
    0xe3, 0x0, 0xc, 0x50, 0x0, 0x99, 0x11, 0x1f,
    0x41, 0x11, 0xc5, 0x0, 0x8, 0xff, 0xff, 0xff,
    0xff, 0xff, 0x50, 0x0, 0x0, 0x0, 0xe, 0x30,
    0x0, 0x0, 0x0, 0x11, 0x11, 0x11, 0xf5, 0x11,
    0x11, 0x10, 0x4f, 0xff, 0xff, 0xff, 0xff, 0xff,
    0xff, 0x90, 0x0, 0x0, 0x0, 0xe3, 0x0, 0x0,
    0x0, 0x0, 0x0, 0x0, 0xe, 0x30, 0x0, 0x0,
    0x0, 0x0, 0x0, 0x0, 0xe3, 0x0, 0x0, 0x0,

    /* U+538B "压" */
    0x0, 0xcf, 0xff, 0xff, 0xff, 0xff, 0xff, 0x90,
    0xd, 0x83, 0x33, 0x38, 0x43, 0x33, 0x31, 0x0,
    0xd6, 0x0, 0x0, 0xe3, 0x0, 0x0, 0x0, 0xd,
    0x60, 0x0, 0xe, 0x30, 0x0, 0x0, 0x0, 0xd5,
    0x0, 0x0, 0xe3, 0x0, 0x0, 0x0, 0xd, 0x7f,
    0xff, 0xff, 0xff, 0xff, 0xe0, 0x0, 0xd5, 0x33,
    0x33, 0xf6, 0x33, 0x32, 0x0, 0xe, 0x40, 0x0,
    0xe, 0x38, 0xa0, 0x0, 0x0, 0xf2, 0x0, 0x0,
    0xe3, 0x1d, 0x90, 0x0, 0x2f, 0x0, 0x0, 0xe,
    0x30, 0x1e, 0x70, 0x7, 0xc0, 0x0, 0x0, 0xe3,
    0x0, 0x35, 0x0, 0xd8, 0x77, 0x77, 0x7f, 0xb7,
    0x77, 0x75, 0x5f, 0x1a, 0xaa, 0xaa, 0xaa, 0xaa,
    0xaa, 0x83, 0x50, 0x0, 0x0, 0x0, 0x0, 0x0,
    0x0,

    /* U+53F7 "号" */
    0x0, 0x0, 0x0, 0x0, 0x0, 0x0, 0x0, 0x0,
    0x0, 0x2f, 0xff, 0xff, 0xff, 0xff, 0xe0, 0x0,
    0x0, 0x2f, 0x0, 0x0, 0x0, 0x5, 0xe0, 0x0,
    0x0, 0x2f, 0x11, 0x11, 0x11, 0x15, 0xe0, 0x0,
    0x0, 0x2f, 0xff, 0xff, 0xff, 0xff, 0xd0, 0x0,
    0x0, 0x0, 0x0, 0x0, 0x0, 0x0, 0x0, 0x0,
    0x28, 0x88, 0x88, 0x88, 0x88, 0x88, 0x88, 0x80,
    0x28, 0x8d, 0xf8, 0x88, 0x88, 0x88, 0x88, 0x80,
    0x0, 0x8, 0xb0, 0x0, 0x0, 0x0, 0x0, 0x0,
    0x0, 0xc, 0xff, 0xff, 0xff, 0xff, 0xa0, 0x0,
    0x0, 0x1, 0x11, 0x11, 0x11, 0x1b, 0x90, 0x0,
    0x0, 0x0, 0x0, 0x0, 0x0, 0xd, 0x70, 0x0,
    0x0, 0x0, 0x0, 0x14, 0x44, 0x6f, 0x50, 0x0,
    0x0, 0x0, 0x0, 0x4f, 0xff, 0xfb, 0x0, 0x0,
    0x0, 0x0, 0x0, 0x0, 0x0, 0x0, 0x0, 0x0,

    /* U+542F "启" */
    0x0, 0x0, 0x0, 0x4, 0xc0, 0x0, 0x0, 0x0,
    0x0, 0x22, 0x22, 0x3f, 0x62, 0x22, 0x20, 0x0,
    0x6f, 0xff, 0xff, 0xff, 0xff, 0xff, 0x30, 0x6,
    0xc0, 0x0, 0x0, 0x0, 0x0, 0xe3, 0x0, 0x6c,
    0x0, 0x0, 0x0, 0x0, 0xe, 0x30, 0x6, 0xff,
    0xff, 0xff, 0xff, 0xff, 0xf3, 0x0, 0x6d, 0x22,
    0x22, 0x22, 0x22, 0x22, 0x0, 0x7, 0xb0, 0x0,
    0x0, 0x0, 0x0, 0x0, 0x0, 0x99, 0x7f, 0xff,
    0xff, 0xff, 0xfe, 0x0, 0xc, 0x67, 0xb1, 0x11,
    0x11, 0x14, 0xe0, 0x1, 0xf3, 0x7b, 0x0, 0x0,
    0x0, 0x3e, 0x0, 0x7d, 0x7, 0xb0, 0x0, 0x0,
    0x3, 0xe0, 0x1f, 0x50, 0x7b, 0x11, 0x11, 0x11,
    0x4e, 0x4, 0xb0, 0x7, 0xff, 0xff, 0xff, 0xff,
    0xe0, 0x0, 0x0, 0x0, 0x0, 0x0, 0x0, 0x0,
    0x0,

    /* U+5728 "在" */
    0x0, 0x0, 0x0, 0x0, 0x0, 0x0, 0x0, 0x0,
    0x0, 0x0, 0xe, 0x30, 0x0, 0x0, 0x0, 0x3,
    0x33, 0x38, 0xf3, 0x33, 0x33, 0x33, 0x21, 0xff,
    0xff, 0xff, 0xff, 0xff, 0xff, 0xfc, 0x0, 0x0,
    0x4f, 0x10, 0x0, 0x0, 0x0, 0x0, 0x0, 0xc,
    0x90, 0x0, 0xc3, 0x0, 0x0, 0x0, 0x6, 0xf1,
    0x0, 0xe, 0x30, 0x0, 0x0, 0x2, 0xf6, 0x0,
    0x0, 0xe3, 0x0, 0x0, 0x1, 0xdf, 0x29, 0xff,
    0xff, 0xff, 0xff, 0x11, 0xcc, 0xf2, 0x12, 0x22,
    0xf6, 0x22, 0x20, 0x4c, 0x1f, 0x20, 0x0, 0xe,
    0x30, 0x0, 0x0, 0x0, 0xf2, 0x0, 0x0, 0xe3,
    0x0, 0x0, 0x0, 0xf, 0x20, 0x0, 0xe, 0x30,
    0x0, 0x0, 0x0, 0xf3, 0x55, 0x55, 0xf9, 0x55,
    0x54, 0x0, 0xf, 0x5b, 0xbb, 0xbb, 0xbb, 0xbb,
    0x90,

    /* U+5747 "均" */
    0x0, 0x0, 0x0, 0x0, 0x20, 0x0, 0x0, 0x0,
    0x0, 0xf3, 0x0, 0xc, 0x70, 0x0, 0x0, 0x0,
    0xf, 0x30, 0x3, 0xf1, 0x0, 0x0, 0x0, 0x0,
    0xf3, 0x0, 0x9f, 0xff, 0xff, 0xf4, 0x0, 0xf,
    0x30, 0x1f, 0x73, 0x33, 0x3e, 0x40, 0xdf, 0xff,
    0xd9, 0xc2, 0x0, 0x0, 0xe4, 0x2, 0x3f, 0x62,
    0x73, 0xd7, 0x0, 0xe, 0x40, 0x0, 0xf3, 0x0,
    0x2, 0xe6, 0x0, 0xe4, 0x0, 0xf, 0x30, 0x0,
    0x2, 0x42, 0x2f, 0x30, 0x0, 0xf3, 0x0, 0x0,
    0x7, 0xf6, 0xf3, 0x0, 0xf, 0x33, 0x0, 0x4d,
    0xc3, 0xf, 0x20, 0x1, 0xff, 0xf5, 0xce, 0x70,
    0x1, 0xf1, 0x2b, 0xff, 0x81, 0x28, 0x10, 0x0,
    0x2f, 0x10, 0x83, 0x0, 0x0, 0x0, 0x14, 0x38,
    0xf0, 0x0, 0x0, 0x0, 0x0, 0x3, 0xfe, 0xd6,
    0x0, 0x0, 0x0, 0x0, 0x0, 0x0, 0x0, 0x0,

    /* U+578B "型" */
    0x0, 0x11, 0x11, 0x11, 0x10, 0x0, 0x1a, 0x0,
    0x9e, 0xff, 0xef, 0xfd, 0x1f, 0x2, 0xf0, 0x0,
    0xf, 0x20, 0xe3, 0x1, 0xf0, 0x2f, 0x0, 0x0,
    0xf1, 0xe, 0x30, 0x1f, 0x2, 0xf0, 0x9, 0x9f,
    0xa9, 0xfd, 0x93, 0xf0, 0x2f, 0x0, 0x68, 0xf6,
    0x6f, 0x96, 0x2f, 0x2, 0xf0, 0x0, 0x6c, 0x0,
    0xe3, 0x0, 0x90, 0x2f, 0x0, 0x1e, 0x50, 0xe,
    0x30, 0x1, 0x47, 0xe0, 0x9, 0xa0, 0x0, 0x53,
    0x0, 0x3d, 0xc6, 0x0, 0x0, 0x0, 0x0, 0xd5,
    0x0, 0x0, 0x0, 0x0, 0x8f, 0xff, 0xff, 0xff,
    0xff, 0xf6, 0x0, 0x0, 0x0, 0x0, 0xd5, 0x0,
    0x0, 0x0, 0x0, 0x0, 0x0, 0xd, 0x50, 0x0,
    0x0, 0x1, 0xdd, 0xdd, 0xdd, 0xff, 0xdd, 0xdd,
    0xdc,

    /* U+57DF "域" */
    0x0, 0x0, 0x0, 0x0, 0x0, 0x0, 0x0, 0x0,
    0x0, 0x2b, 0x0, 0x0, 0x0, 0x67, 0x95, 0x0,
    0x0, 0x2e, 0x0, 0x0, 0x0, 0x78, 0x1e, 0x20,
    0x0, 0x2e, 0x3, 0x44, 0x44, 0xbd, 0x47, 0x40,
    0x0, 0x2e, 0x7, 0xcc, 0xcc, 0xff, 0xcc, 0xb0,
    0xb, 0xff, 0xd7, 0x0, 0x0, 0x5a, 0x2, 0x10,
    0x0, 0x2e, 0x0, 0xff, 0xfc, 0x4a, 0xa, 0x50,
    0x0, 0x2e, 0x0, 0xe1, 0x3c, 0x3b, 0xe, 0x10,
    0x0, 0x2e, 0x0, 0xe0, 0x2c, 0x2d, 0x3b, 0x0,
    0x0, 0x2e, 0x0, 0xe1, 0x3c, 0xe, 0x96, 0x0,
    0x0, 0x2e, 0x0, 0xff, 0xfc, 0xf, 0xe0, 0x0,
    0x0, 0x2f, 0x98, 0x0, 0x0, 0xf, 0xa0, 0x10,
    0x19, 0xef, 0x82, 0x4, 0x9e, 0x5f, 0x60, 0xd1,
    0x19, 0x40, 0x5b, 0xff, 0xa8, 0xe8, 0xb0, 0xe0,
    0x0, 0x0, 0x58, 0x40, 0x3e, 0x60, 0xe8, 0xb0,
    0x0, 0x0, 0x0, 0x0, 0x66, 0x0, 0x6e, 0x40,

    /* U+589E "增" */
    0x0, 0x0, 0x0, 0x0, 0x0, 0x0, 0x0, 0x0,
    0x2, 0xd0, 0x0, 0x6a, 0x0, 0xc, 0x40, 0x0,
    0x2e, 0x0, 0x1, 0xe2, 0x8, 0xd1, 0x0, 0x2,
    0xe0, 0x1f, 0xff, 0xff, 0xff, 0xfb, 0x0, 0x2e,
    0x1, 0xe4, 0x41, 0xe0, 0x55, 0xb0, 0xbf, 0xfd,
    0x7e, 0x2e, 0x2e, 0x3d, 0x4b, 0x2, 0x5f, 0x32,
    0xe0, 0x63, 0xe6, 0x34, 0xb0, 0x2, 0xe0, 0x1f,
    0xdd, 0xef, 0xdd, 0xeb, 0x0, 0x2e, 0x0, 0x22,
    0x22, 0x22, 0x22, 0x10, 0x2, 0xe0, 0xb, 0xff,
    0xff, 0xff, 0xf0, 0x0, 0x2e, 0x0, 0xba, 0x0,
    0x0, 0xf, 0x10, 0x2, 0xf6, 0x9b, 0xa0, 0x0,
    0x0, 0xf1, 0x8, 0xef, 0xc6, 0xbf, 0xee, 0xee,
    0xef, 0x10, 0x95, 0x10, 0xb, 0xa0, 0x0, 0x0,
    0xf1, 0x0, 0x0, 0x0, 0xbf, 0xff, 0xff, 0xff,
    0x10,

    /* U+58F0 "声" */
    0x0, 0x0, 0x0, 0xd, 0x30, 0x0, 0x0, 0x1,
    0x44, 0x44, 0x44, 0xf7, 0x44, 0x44, 0x42, 0x3b,
    0xbb, 0xbb, 0xbf, 0xfb, 0xbb, 0xbb, 0x60, 0x0,
    0x0, 0x0, 0xe3, 0x0, 0x0, 0x0, 0x1, 0xdd,
    0xdd, 0xdf, 0xfd, 0xdd, 0xd5, 0x0, 0x2, 0x22,
    0x22, 0x22, 0x22, 0x22, 0x0, 0x0, 0x38, 0x88,
    0x88, 0x88, 0x88, 0x82, 0x0, 0x7, 0xd7, 0x77,
    0xfb, 0x77, 0x7f, 0x40, 0x0, 0x7b, 0x0, 0xe,
    0x40, 0x0, 0xe4, 0x0, 0x7, 0xb0, 0x0, 0xe4,
    0x0, 0xe, 0x40, 0x0, 0x8f, 0xff, 0xff, 0xff,
    0xff, 0xf4, 0x0, 0xb, 0x80, 0x0, 0x0, 0x0,
    0x0, 0x0, 0x3, 0xf2, 0x0, 0x0, 0x0, 0x0,
    0x0, 0x0, 0xd9, 0x0, 0x0, 0x0, 0x0, 0x0,
    0x0, 0x4c, 0x0, 0x0, 0x0, 0x0, 0x0, 0x0,
    0x0, 0x0, 0x0, 0x0, 0x0, 0x0, 0x0, 0x0,

    /* U+590D "复" */
    0x0, 0x0, 0x30, 0x0, 0x0, 0x0, 0x0, 0x0,
    0x0, 0x4, 0xf1, 0x0, 0x0, 0x0, 0x0, 0x0,
    0x0, 0x1f, 0xfe, 0xee, 0xee, 0xee, 0xee, 0x90,
    0x0, 0xac, 0x11, 0x11, 0x11, 0x11, 0x11, 0x0,
    0x9, 0xfd, 0xcc, 0xcc, 0xcc, 0xcc, 0xc1, 0x0,
    0x2d, 0x3f, 0x22, 0x22, 0x22, 0x22, 0xf1, 0x0,
    0x0, 0x1f, 0xbb, 0xbb, 0xbb, 0xbb, 0xf1, 0x0,
    0x0, 0x1f, 0x22, 0x22, 0x22, 0x22, 0xf1, 0x0,
    0x0, 0x1f, 0xbb, 0xbb, 0xbb, 0xbb, 0xf1, 0x0,
    0x0, 0x2, 0x9c, 0x22, 0x22, 0x22, 0x20, 0x0,
    0x0, 0x6, 0xfe, 0xbb, 0xbb, 0xbb, 0xb5, 0x0,
    0x0, 0x9f, 0xfa, 0x33, 0x33, 0x4d, 0xd2, 0x0,
    0x1d, 0xb1, 0x1b, 0xd6, 0x39, 0xe8, 0x0, 0x0,
    0x3, 0x0, 0x4, 0xbf, 0xff, 0x72, 0x0, 0x0,
    0x7, 0xad, 0xfc, 0x73, 0x5, 0x9d, 0xfd, 0xa0,
    0x5, 0x52, 0x0, 0x0, 0x0, 0x0, 0x3, 0x40,

    /* U+591C "夜" */
    0x0, 0x0, 0x0, 0xd, 0x30, 0x0, 0x0, 0x0,
    0x1, 0x22, 0x22, 0x2d, 0xb2, 0x22, 0x22, 0x10,
    0xe, 0xff, 0xff, 0xff, 0xff, 0xff, 0xff, 0xb0,
    0x0, 0x0, 0x91, 0x4, 0x70, 0x0, 0x0, 0x0,
    0x0, 0x5, 0xe0, 0xd, 0xa1, 0x11, 0x11, 0x0,
    0x0, 0xd, 0x60, 0x4f, 0xff, 0xff, 0xfc, 0x0,
    0x0, 0x7f, 0x0, 0xc9, 0x24, 0x0, 0x89, 0x0,
    0x1, 0xff, 0x6, 0xf3, 0x3e, 0x40, 0xe3, 0x0,
    0xb, 0xde, 0x2e, 0xca, 0x4, 0xe7, 0xc0, 0x0,
    0x1c, 0x4e, 0x89, 0xe, 0x50, 0x3e, 0x30, 0x0,
    0x0, 0x3e, 0x0, 0x3, 0xf5, 0xd8, 0x0, 0x0,
    0x0, 0x3e, 0x0, 0x0, 0x7f, 0xf0, 0x0, 0x0,
    0x0, 0x3e, 0x0, 0x18, 0xfb, 0xec, 0x40, 0x0,
    0x0, 0x3e, 0x29, 0xfb, 0x30, 0x8, 0xfd, 0x70,
    0x0, 0x3e, 0x4b, 0x40, 0x0, 0x0, 0x17, 0xa0,

    /* U+59CB "始" */
    0x0, 0x0, 0x0, 0x0, 0x0, 0x0, 0x0, 0x0,
    0x6, 0x90, 0x0, 0x0, 0x98, 0x0, 0x0, 0x0,
    0x98, 0x0, 0x0, 0x1f, 0x20, 0x10, 0x0, 0x1b,
    0x71, 0x10, 0xa, 0xa0, 0x5d, 0x0, 0x1f, 0xff,
    0xff, 0x24, 0xe1, 0x0, 0xc8, 0x0, 0xf, 0x30,
    0xf2, 0xd5, 0x1, 0x26, 0xf2, 0x1, 0xf0, 0x1f,
    0xaf, 0xff, 0xff, 0xdf, 0xa0, 0x4d, 0x4, 0xd1,
    0x21, 0x10, 0x0, 0x26, 0x7, 0xa0, 0x7a, 0x0,
    0x0, 0x0, 0x0, 0x0, 0xa7, 0xb, 0x60, 0xef,
    0xff, 0xff, 0xf0, 0x6, 0xe5, 0xf1, 0xe, 0x52,
    0x22, 0x4f, 0x0, 0x3, 0xff, 0x0, 0xe3, 0x0,
    0x2, 0xf0, 0x0, 0x2f, 0xf9, 0xe, 0x30, 0x0,
    0x2f, 0x0, 0x1d, 0x71, 0xc6, 0xe4, 0x11, 0x13,
    0xf0, 0x1d, 0xa0, 0x0, 0xe, 0xff, 0xff, 0xff,
    0x0, 0x60, 0x0, 0x0, 0x0, 0x0, 0x0, 0x0,

    /* U+5B58 "存" */
    0x0, 0x0, 0x1, 0xc2, 0x0, 0x0, 0x0, 0x0,
    0x22, 0x22, 0x9f, 0x22, 0x22, 0x22, 0x22, 0xf,
    0xff, 0xff, 0xff, 0xff, 0xff, 0xff, 0xe0, 0x0,
    0x5, 0xf1, 0x0, 0x0, 0x0, 0x0, 0x0, 0x0,
    0xd8, 0x23, 0x33, 0x33, 0x33, 0x0, 0x0, 0x9e,
    0xb, 0xee, 0xee, 0xef, 0xf1, 0x0, 0x5f, 0x80,
    0x0, 0x0, 0x7, 0xf5, 0x0, 0x4f, 0xf6, 0x0,
    0x0, 0x2c, 0xc2, 0x0, 0x3f, 0xac, 0x61, 0x22,
    0x29, 0xe2, 0x22, 0x21, 0x90, 0xc6, 0xdf, 0xff,
    0xff, 0xff, 0xfe, 0x0, 0xc, 0x60, 0x0, 0x7,
    0xb0, 0x0, 0x0, 0x0, 0xc6, 0x0, 0x0, 0x7b,
    0x0, 0x0, 0x0, 0xc, 0x60, 0x0, 0x7, 0xb0,
    0x0, 0x0, 0x0, 0xc6, 0x0, 0x11, 0x9a, 0x0,
    0x0, 0x0, 0xc, 0x60, 0x1f, 0xfd, 0x40, 0x0,
    0x0, 0x0, 0x0, 0x0, 0x0, 0x0, 0x0, 0x0,

    /* U+5BFC "导" */
    0x0, 0x12, 0x22, 0x22, 0x22, 0x22, 0x20, 0x0,
    0x0, 0x9f, 0xff, 0xff, 0xff, 0xff, 0xf2, 0x0,
    0x0, 0x98, 0x0, 0x0, 0x0, 0x1, 0xf2, 0x0,
    0x0, 0x9c, 0x33, 0x33, 0x33, 0x34, 0xf2, 0x0,
    0x0, 0x9f, 0xdd, 0xdd, 0xdd, 0xdd, 0xd1, 0x0,
    0x0, 0x98, 0x0, 0x0, 0x0, 0x0, 0x7, 0x30,
    0x0, 0x8b, 0x44, 0x33, 0x33, 0x44, 0x5f, 0x50,
    0x0, 0x2b, 0xdd, 0xdd, 0xdd, 0xdd, 0xc9, 0x0,
    0x0, 0x0, 0x0, 0x0, 0x0, 0xe, 0x40, 0x0,
    0x1f, 0xff, 0xff, 0xff, 0xff, 0xff, 0xff, 0xf2,
    0x2, 0x24, 0x72, 0x22, 0x22, 0x2f, 0x62, 0x20,
    0x0, 0x3, 0xe9, 0x0, 0x0, 0xe, 0x40, 0x0,
    0x0, 0x0, 0x1b, 0xd0, 0x0, 0xf, 0x30, 0x0,
    0x0, 0x0, 0x0, 0x40, 0x6d, 0xef, 0x10, 0x0,
    0x0, 0x0, 0x0, 0x0, 0x15, 0x41, 0x0, 0x0,

    /* U+5C31 "就" */
    0x0, 0x0, 0x0, 0x0, 0x0, 0x0, 0x0, 0x0,
    0x0, 0x0, 0xe2, 0x0, 0x2, 0xe0, 0x50, 0x0,
    0x0, 0x11, 0xb9, 0x11, 0x2, 0xe0, 0xc6, 0x0,
    0xf, 0xff, 0xff, 0xff, 0x32, 0xe0, 0x1d, 0x20,
    0x0, 0x0, 0x0, 0x0, 0x37, 0xf4, 0x46, 0x40,
    0x1, 0xee, 0xee, 0xe8, 0x8d, 0xf9, 0x99, 0x90,
    0x1, 0xf0, 0x0, 0x89, 0x4, 0xc7, 0x70, 0x0,
    0x1, 0xf0, 0x0, 0x79, 0x5, 0xb8, 0x70, 0x0,
    0x1, 0xf9, 0x99, 0xc9, 0x7, 0x98, 0x70, 0x0,
    0x0, 0x66, 0xfc, 0x63, 0xa, 0x78, 0x70, 0x0,
    0x0, 0xb2, 0xa7, 0x92, 0xe, 0x38, 0x70, 0x0,
    0x4, 0xe0, 0xa7, 0x4c, 0x4e, 0x8, 0x70, 0x80,
    0xb, 0x70, 0xa7, 0x6, 0xd7, 0x8, 0x70, 0xf0,
    0x3d, 0x12, 0xc6, 0x7, 0xd0, 0x8, 0x93, 0xf0,
    0x1, 0x6f, 0xd2, 0x1f, 0x20, 0x4, 0xff, 0x90,
    0x0, 0x0, 0x0, 0x1, 0x0, 0x0, 0x0, 0x0,

    /* U+5DF2 "已" */
    0x1, 0x11, 0x11, 0x11, 0x11, 0x11, 0x0, 0x3f,
    0xff, 0xff, 0xff, 0xff, 0xff, 0x40, 0x1, 0x11,
    0x11, 0x11, 0x11, 0x1e, 0x40, 0x3, 0x10, 0x0,
    0x0, 0x0, 0xe, 0x40, 0xc, 0x70, 0x0, 0x0,
    0x0, 0xe, 0x40, 0xc, 0x70, 0x0, 0x0, 0x0,
    0xe, 0x40, 0xc, 0xff, 0xff, 0xff, 0xff, 0xff,
    0x40, 0xc, 0x92, 0x22, 0x22, 0x22, 0x22, 0x0,
    0xc, 0x70, 0x0, 0x0, 0x0, 0x0, 0x0, 0xc,
    0x70, 0x0, 0x0, 0x0, 0x0, 0x0, 0xc, 0x70,
    0x0, 0x0, 0x0, 0x0, 0xa8, 0xc, 0x70, 0x0,
    0x0, 0x0, 0x0, 0xc8, 0xb, 0xc5, 0x33, 0x33,
    0x33, 0x46, 0xf4, 0x4, 0xdf, 0xff, 0xff, 0xff,
    0xff, 0xb0, 0x0, 0x0, 0x0, 0x0, 0x0, 0x0,
    0x0,

    /* U+5E26 "带" */
    0x0, 0xb, 0x40, 0xe, 0x20, 0x2e, 0x0, 0x0,
    0x0, 0xc5, 0x0, 0xf3, 0x3, 0xf0, 0x0, 0x9f,
    0xff, 0xff, 0xff, 0xff, 0xff, 0xff, 0xb0, 0x0,
    0xc4, 0x0, 0xe2, 0x2, 0xf0, 0x0, 0x0, 0x8,
    0x30, 0x9, 0x10, 0x1a, 0x0, 0x0, 0xbf, 0xff,
    0xff, 0xff, 0xff, 0xff, 0xf0, 0xc, 0x61, 0x11,
    0x17, 0x21, 0x11, 0x2f, 0x0, 0xa4, 0x0, 0x0,
    0xe2, 0x0, 0x0, 0xd0, 0x0, 0x5e, 0xee, 0xef,
    0xfe, 0xee, 0x80, 0x0, 0x6, 0x92, 0x22, 0xf5,
    0x22, 0x7a, 0x0, 0x0, 0x67, 0x0, 0xe, 0x20,
    0x5, 0xa0, 0x0, 0x6, 0x70, 0x0, 0xe2, 0x0,
    0x5a, 0x0, 0x0, 0x67, 0x0, 0xe, 0x26, 0xce,
    0x70, 0x0, 0x2, 0x20, 0x0, 0xe2, 0x13, 0x20,
    0x0, 0x0, 0x0, 0x0, 0xe, 0x20, 0x0, 0x0,
    0x0,

    /* U+5E38 "常" */
    0x0, 0x0, 0x0, 0x2, 0x0, 0x0, 0x0, 0x0,
    0x79, 0x0, 0x3e, 0x0, 0xb, 0x20, 0x0, 0x1e,
    0x70, 0x3e, 0x1, 0xc9, 0x0, 0x28, 0x8b, 0xe8,
    0xcf, 0x89, 0xe8, 0x85, 0x4e, 0x88, 0x88, 0x88,
    0x88, 0x88, 0xbb, 0x4d, 0x0, 0x0, 0x0, 0x0,
    0x0, 0x5b, 0x27, 0x5f, 0xee, 0xee, 0xee, 0xed,
    0x36, 0x0, 0x5b, 0x0, 0x0, 0x0, 0x3d, 0x0,
    0x0, 0x5f, 0xff, 0xff, 0xff, 0xfd, 0x0, 0x0,
    0x0, 0x0, 0x3e, 0x0, 0x0, 0x0, 0x6, 0xdd,
    0xdd, 0xff, 0xdd, 0xdd, 0xd0, 0x8, 0xb3, 0x33,
    0x7f, 0x33, 0x35, 0xf0, 0x8, 0xa0, 0x0, 0x3e,
    0x0, 0x2, 0xf0, 0x8, 0xa0, 0x0, 0x3e, 0x1,
    0x25, 0xe0, 0x7, 0xa0, 0x0, 0x3e, 0x4, 0xed,
    0x70, 0x0, 0x0, 0x0, 0x3e, 0x0, 0x0, 0x0,
    0x0, 0x0, 0x0, 0x0, 0x0, 0x0, 0x0,

    /* U+5E73 "平" */
    0x2, 0x22, 0x22, 0x22, 0x22, 0x22, 0x22, 0x0,
    0xbf, 0xff, 0xff, 0xff, 0xff, 0xff, 0xf1, 0x0,
    0x0, 0x0, 0xe, 0x30, 0x0, 0x0, 0x0, 0xc,
    0x50, 0x0, 0xe3, 0x0, 0xd, 0x20, 0x0, 0x4f,
    0x20, 0xe, 0x30, 0x9, 0xc0, 0x0, 0x0, 0x8c,
    0x0, 0xe3, 0x5, 0xf2, 0x0, 0x0, 0x0, 0xd5,
    0xe, 0x30, 0xe5, 0x0, 0x0, 0x0, 0x1, 0x0,
    0xe3, 0x1, 0x0, 0x0, 0x6f, 0xff, 0xff, 0xff,
    0xff, 0xff, 0xff, 0xa1, 0x33, 0x33, 0x33, 0xf7,
    0x33, 0x33, 0x32, 0x0, 0x0, 0x0, 0xe, 0x30,
    0x0, 0x0, 0x0, 0x0, 0x0, 0x0, 0xe3, 0x0,
    0x0, 0x0, 0x0, 0x0, 0x0, 0xe, 0x30, 0x0,
    0x0, 0x0, 0x0, 0x0, 0x0, 0xe3, 0x0, 0x0,
    0x0, 0x0, 0x0, 0x0, 0xe, 0x30, 0x0, 0x0,
    0x0,

    /* U+5E8A "床" */
    0x0, 0x0, 0x0, 0x8, 0x70, 0x0, 0x0, 0x0,
    0x0, 0x0, 0x0, 0x5e, 0x0, 0x0, 0x0, 0x0,
    0xff, 0xff, 0xff, 0xff, 0xff, 0xff, 0xc0, 0xf,
    0x52, 0x22, 0x26, 0x42, 0x22, 0x22, 0x0, 0xf2,
    0x0, 0x0, 0xc5, 0x0, 0x0, 0x0, 0xf, 0x32,
    0x22, 0x2f, 0x82, 0x22, 0x20, 0x0, 0xf8, 0xff,
    0xff, 0xff, 0xff, 0xff, 0x10, 0xf, 0x20, 0x2,
    0xec, 0xca, 0x0, 0x0, 0x1, 0xf1, 0x0, 0xa8,
    0xc6, 0xf2, 0x0, 0x0, 0x2f, 0x0, 0x3f, 0x1c,
    0x59, 0xb0, 0x0, 0x4, 0xf0, 0x1e, 0x70, 0xc5,
    0x1e, 0x80, 0x0, 0x6c, 0x1c, 0xb0, 0xc, 0x50,
    0x4f, 0x80, 0xb, 0x9d, 0xc1, 0x0, 0xc5, 0x0,
    0x5f, 0x82, 0xf3, 0x50, 0x0, 0xc, 0x50, 0x0,
    0x30, 0x6b, 0x0, 0x0, 0x0, 0xc5, 0x0, 0x0,
    0x0, 0x0, 0x0, 0x0, 0x0, 0x0, 0x0, 0x0,

    /* U+5EA6 "度" */
    0x0, 0x0, 0x0, 0x5, 0xa0, 0x0, 0x0, 0x0,
    0x1, 0x22, 0x22, 0x4f, 0x42, 0x22, 0x21, 0x0,
    0xef, 0xef, 0xfe, 0xfe, 0xef, 0xee, 0xb0, 0xe,
    0x30, 0x2e, 0x0, 0x1, 0xf0, 0x0, 0x0, 0xe8,
    0xdf, 0xfd, 0xdd, 0xff, 0xdd, 0x90, 0xe, 0x42,
    0x5f, 0x22, 0x24, 0xf2, 0x21, 0x0, 0xe3, 0x2,
    0xe0, 0x0, 0x1f, 0x0, 0x0, 0xf, 0x30, 0x2f,
    0xff, 0xff, 0xf0, 0x0, 0x0, 0xf2, 0x0, 0x0,
    0x0, 0x0, 0x0, 0x0, 0xf, 0x4f, 0xff, 0xff,
    0xff, 0xff, 0x10, 0x2, 0xf0, 0xa, 0xa0, 0x0,
    0x2d, 0x90, 0x0, 0x6c, 0x0, 0xb, 0xb1, 0x6e,
    0x80, 0x0, 0xb, 0x80, 0x0, 0x1e, 0xff, 0x60,
    0x0, 0x2, 0xf3, 0x59, 0xcf, 0xa6, 0x8d, 0xeb,
    0x85, 0x49, 0x1c, 0x84, 0x0, 0x0, 0x2, 0x69,
    0x70,

    /* U+5F00 "开" */
    0x0, 0x22, 0x22, 0x22, 0x22, 0x22, 0x22, 0x10,
    0x6, 0xff, 0xff, 0xff, 0xff, 0xff, 0xff, 0xb0,
    0x0, 0x0, 0x4e, 0x0, 0x0, 0x5d, 0x0, 0x0,
    0x0, 0x0, 0x4e, 0x0, 0x0, 0x5d, 0x0, 0x0,
    0x0, 0x0, 0x4e, 0x0, 0x0, 0x5d, 0x0, 0x0,
    0x0, 0x0, 0x4e, 0x0, 0x0, 0x5d, 0x0, 0x0,
    0x2, 0x22, 0x7f, 0x22, 0x22, 0x8f, 0x22, 0x21,
    0x1f, 0xff, 0xff, 0xff, 0xff, 0xff, 0xff, 0xf6,
    0x0, 0x0, 0x6d, 0x0, 0x0, 0x5d, 0x0, 0x0,
    0x0, 0x0, 0x8b, 0x0, 0x0, 0x5d, 0x0, 0x0,
    0x0, 0x0, 0xb8, 0x0, 0x0, 0x5d, 0x0, 0x0,
    0x0, 0x2, 0xf3, 0x0, 0x0, 0x5d, 0x0, 0x0,
    0x0, 0xb, 0xb0, 0x0, 0x0, 0x5d, 0x0, 0x0,
    0x0, 0xae, 0x10, 0x0, 0x0, 0x5d, 0x0, 0x0,
    0x5, 0xe2, 0x0, 0x0, 0x0, 0x5d, 0x0, 0x0,
    0x0, 0x10, 0x0, 0x0, 0x0, 0x0, 0x0, 0x0,

    /* U+5F0F "式" */
    0x0, 0x0, 0x0, 0x0, 0x0, 0x0, 0x0, 0x0,
    0x0, 0x0, 0x0, 0x6, 0xc0, 0xa3, 0x0, 0x0,
    0x0, 0x0, 0x0, 0x5d, 0x4, 0xe4, 0x0, 0x22,
    0x22, 0x22, 0x28, 0xf2, 0x27, 0x62, 0x3f, 0xff,
    0xff, 0xff, 0xff, 0xff, 0xff, 0xb0, 0x0, 0x0,
    0x0, 0x4, 0xf0, 0x0, 0x0, 0x0, 0x0, 0x0,
    0x0, 0x3f, 0x0, 0x0, 0x0, 0x79, 0x99, 0x99,
    0x92, 0xf1, 0x0, 0x0, 0x6, 0x88, 0xfc, 0x88,
    0x1f, 0x30, 0x0, 0x0, 0x0, 0xe, 0x40, 0x0,
    0xd5, 0x0, 0x0, 0x0, 0x0, 0xe4, 0x0, 0xa,
    0x80, 0x0, 0x0, 0x0, 0xe, 0x40, 0x0, 0x7c,
    0x0, 0x11, 0x0, 0x0, 0xe5, 0x36, 0x72, 0xf1,
    0x7, 0xa2, 0x9a, 0xcf, 0xff, 0xd8, 0xd, 0x70,
    0xa6, 0x3f, 0xda, 0x74, 0x10, 0x0, 0x5e, 0x6f,
    0x10, 0x0, 0x0, 0x0, 0x0, 0x0, 0x8f, 0x80,

    /* U+5F62 "形" */
    0x0, 0x11, 0x11, 0x11, 0x0, 0x0, 0x68, 0x0,
    0x9f, 0xff, 0xff, 0xfd, 0x0, 0x7f, 0x30, 0x0,
    0x1f, 0x0, 0xd4, 0x0, 0xae, 0x30, 0x0, 0x1,
    0xf0, 0xd, 0x42, 0xdc, 0x20, 0x0, 0x0, 0x1f,
    0x0, 0xd4, 0x7, 0x0, 0x6, 0x0, 0x1, 0xf0,
    0xd, 0x40, 0x0, 0xb, 0xc0, 0x1d, 0xff, 0xdd,
    0xff, 0xd6, 0xb, 0xc1, 0x0, 0x35, 0xf3, 0x3f,
    0x73, 0x3d, 0xc1, 0x0, 0x0, 0x2f, 0x0, 0xd4,
    0x3f, 0xa0, 0x1, 0x10, 0x2, 0xe0, 0xd, 0x40,
    0x60, 0x0, 0xc8, 0x0, 0x4c, 0x0, 0xd4, 0x0,
    0x0, 0xbc, 0x0, 0x8, 0x90, 0xd, 0x40, 0x0,
    0xbd, 0x10, 0x0, 0xe4, 0x0, 0xd4, 0x1, 0xdd,
    0x10, 0x0, 0x7d, 0x0, 0xd, 0x46, 0xfb, 0x10,
    0x0, 0xd, 0x40, 0x0, 0xd4, 0xd7, 0x0, 0x0,
    0x0, 0x0, 0x0, 0x0, 0x0, 0x0, 0x0, 0x0,

    /* U+5FC3 "心" */
    0x0, 0x0, 0x0, 0x0, 0x0, 0x0, 0x0, 0x0,
    0x0, 0x0, 0x0, 0x9a, 0x0, 0x0, 0x0, 0x0,
    0x0, 0x0, 0x0, 0x1e, 0x70, 0x0, 0x0, 0x0,
    0x0, 0x0, 0x0, 0x5, 0xf3, 0x0, 0x0, 0x0,
    0x0, 0x0, 0x5e, 0x0, 0xad, 0x0, 0x0, 0x0,
    0x0, 0x44, 0x5e, 0x0, 0x1e, 0x42, 0xb0, 0x0,
    0x0, 0xb8, 0x5e, 0x0, 0x1, 0x0, 0xe6, 0x0,
    0x0, 0xf4, 0x5e, 0x0, 0x0, 0x0, 0x7d, 0x0,
    0x4, 0xf0, 0x5e, 0x0, 0x0, 0x0, 0x1f, 0x50,
    0x9, 0xb0, 0x5e, 0x0, 0x0, 0x0, 0x9, 0xb0,
    0xe, 0x50, 0x5e, 0x0, 0x0, 0x3, 0x3, 0xf2,
    0x2e, 0x0, 0x5e, 0x0, 0x0, 0x1f, 0x20, 0x81,
    0x0, 0x0, 0x4f, 0x0, 0x0, 0x3f, 0x10, 0x0,
    0x0, 0x0, 0x3f, 0x73, 0x34, 0xae, 0x0, 0x0,
    0x0, 0x0, 0xa, 0xff, 0xff, 0xd4, 0x0, 0x0,
    0x0, 0x0, 0x0, 0x0, 0x0, 0x0, 0x0, 0x0,

    /* U+6062 "恢" */
    0x0, 0x2a, 0x0, 0x8, 0x30, 0x0, 0x0, 0x0,
    0x0, 0x3e, 0x1, 0x2e, 0x62, 0x22, 0x22, 0x10,
    0x4, 0x5e, 0x29, 0xff, 0xff, 0xff, 0xff, 0xf0,
    0xb, 0x7e, 0xd3, 0xe, 0x20, 0x20, 0x0, 0x0,
    0xd, 0x5e, 0x5c, 0x1f, 0x0, 0xb4, 0x0, 0x0,
    0xf, 0x3e, 0x8, 0x3f, 0x20, 0xb4, 0x7, 0x50,
    0x1e, 0x3e, 0x0, 0x6f, 0xb0, 0xc5, 0xe, 0x30,
    0x4c, 0x3e, 0x0, 0xa8, 0xd2, 0xf9, 0x6c, 0x0,
    0x35, 0x3e, 0x0, 0xe4, 0x79, 0xfa, 0xe4, 0x0,
    0x0, 0x3e, 0x4, 0xe0, 0x15, 0xfd, 0x40, 0x0,
    0x0, 0x3e, 0xb, 0x70, 0x9, 0x8d, 0x30, 0x0,
    0x0, 0x3e, 0x4f, 0x10, 0x3f, 0x17, 0xc0, 0x0,
    0x0, 0x3e, 0xd7, 0x2, 0xe6, 0x0, 0xc9, 0x0,
    0x0, 0x3e, 0x40, 0x5e, 0x70, 0x0, 0x2e, 0xa0,
    0x0, 0x3e, 0x0, 0xd5, 0x0, 0x0, 0x1, 0xa0,
    0x0, 0x0, 0x0, 0x0, 0x0, 0x0, 0x0, 0x0,

    /* U+6210 "成" */
    0x0, 0x0, 0x0, 0x0, 0xc3, 0x49, 0x0, 0x0,
    0x0, 0x0, 0x0, 0xd, 0x40, 0xca, 0x0, 0x0,
    0x44, 0x44, 0x44, 0xfa, 0x44, 0xb4, 0x20, 0x1f,
    0xdd, 0xdd, 0xdf, 0xfd, 0xdd, 0xd6, 0x1, 0xf1,
    0x0, 0x0, 0x89, 0x0, 0x0, 0x0, 0x1f, 0x10,
    0x0, 0x6, 0xb0, 0xa, 0x70, 0x1, 0xff, 0xff,
    0xf0, 0x4d, 0x1, 0xf1, 0x0, 0x1f, 0x11, 0x2f,
    0x1, 0xf0, 0x8a, 0x0, 0x2, 0xf0, 0x2, 0xf0,
    0xd, 0x5f, 0x20, 0x0, 0x3e, 0x0, 0x2e, 0x0,
    0x9f, 0x80, 0x0, 0x6, 0xb0, 0x4, 0xd0, 0xd,
    0xf0, 0x0, 0x30, 0xb7, 0x12, 0x8b, 0xa, 0xde,
    0x40, 0x4c, 0x2f, 0x27, 0xfd, 0x6c, 0xc1, 0x4c,
    0x9, 0x6a, 0xa0, 0x0, 0x1, 0x80, 0x0, 0x6d,
    0xb0, 0x1, 0x0, 0x0, 0x0, 0x0, 0x0, 0x0,
    0x0,

    /* U+624B "手" */
    0x0, 0x0, 0x0, 0x0, 0x0, 0x1, 0x20, 0x0,
    0x55, 0x67, 0x8b, 0xfc, 0xdf, 0xfb, 0x0, 0xb,
    0xcc, 0xb9, 0xdf, 0x53, 0x10, 0x0, 0x0, 0x0,
    0x0, 0x5, 0xd0, 0x0, 0x0, 0x0, 0x0, 0x0,
    0x0, 0x5d, 0x0, 0x0, 0x0, 0x0, 0xcf, 0xff,
    0xff, 0xff, 0xff, 0xff, 0x0, 0x2, 0x33, 0x33,
    0x8f, 0x33, 0x33, 0x30, 0x0, 0x0, 0x0, 0x5,
    0xd0, 0x0, 0x0, 0x0, 0x33, 0x33, 0x33, 0x8f,
    0x33, 0x33, 0x33, 0xe, 0xff, 0xff, 0xff, 0xff,
    0xff, 0xff, 0xf2, 0x0, 0x0, 0x0, 0x5d, 0x0,
    0x0, 0x0, 0x0, 0x0, 0x0, 0x5, 0xd0, 0x0,
    0x0, 0x0, 0x0, 0x0, 0x33, 0x8c, 0x0, 0x0,
    0x0, 0x0, 0x0, 0xe, 0xfe, 0x60, 0x0, 0x0,
    0x0, 0x0, 0x0, 0x0, 0x0, 0x0, 0x0, 0x0,
    0x0,

    /* U+6253 "打" */
    0x0, 0x0, 0x0, 0x0, 0x0, 0x0, 0x0, 0x0,
    0x0, 0xe4, 0x0, 0x0, 0x0, 0x0, 0x0, 0x0,
    0xe, 0x40, 0x3c, 0xcc, 0xcd, 0xcc, 0xb0, 0x0,
    0xe4, 0x1, 0x66, 0x6a, 0xf6, 0x65, 0x5f, 0xff,
    0xff, 0x90, 0x0, 0x4f, 0x0, 0x0, 0x22, 0xf6,
    0x21, 0x0, 0x4, 0xf0, 0x0, 0x0, 0xe, 0x40,
    0x0, 0x0, 0x4f, 0x0, 0x0, 0x0, 0xe5, 0x55,
    0x0, 0x4, 0xf0, 0x0, 0x2, 0x6f, 0xfc, 0x50,
    0x0, 0x4f, 0x0, 0x8, 0xfc, 0xf6, 0x0, 0x0,
    0x4, 0xf0, 0x0, 0x11, 0xe, 0x40, 0x0, 0x0,
    0x4f, 0x0, 0x0, 0x0, 0xe4, 0x0, 0x0, 0x4,
    0xf0, 0x0, 0x0, 0xe, 0x40, 0x0, 0x0, 0x4f,
    0x0, 0x0, 0x44, 0xf3, 0x0, 0x4, 0x48, 0xe0,
    0x0, 0xe, 0xeb, 0x0, 0x0, 0xdf, 0xe7, 0x0,
    0x0,

    /* U+6267 "执" */
    0x0, 0x0, 0x0, 0x0, 0x0, 0x0, 0x0, 0x0,
    0x0, 0x1f, 0x0, 0x1, 0xf0, 0x0, 0x0, 0x0,
    0x0, 0x1f, 0x0, 0x1, 0xf0, 0x0, 0x0, 0x0,
    0x1, 0x3f, 0x10, 0x13, 0xf2, 0x11, 0x10, 0x0,
    0x1f, 0xff, 0xfc, 0xcf, 0xff, 0xff, 0xf0, 0x0,
    0x0, 0x2f, 0x0, 0x2, 0xf0, 0x2, 0xf0, 0x0,
    0x0, 0x1f, 0x0, 0x2, 0xf0, 0x2, 0xf0, 0x0,
    0x0, 0x1f, 0xbb, 0x85, 0xe0, 0x2, 0xf0, 0x0,
    0x28, 0xff, 0x62, 0xaf, 0xf1, 0x1, 0xf0, 0x0,
    0x39, 0x5f, 0x0, 0xa, 0xff, 0x72, 0xf0, 0x0,
    0x0, 0x1f, 0x0, 0xc, 0x73, 0xd4, 0xf0, 0x0,
    0x0, 0x1f, 0x0, 0x3f, 0x20, 0x0, 0xf0, 0x20,
    0x0, 0x1f, 0x0, 0xba, 0x0, 0x0, 0xf1, 0xc3,
    0x3, 0x5f, 0x7, 0xf1, 0x0, 0x0, 0xc8, 0xd0,
    0xc, 0xe9, 0x1f, 0x50, 0x0, 0x0, 0x5f, 0x50,
    0x0, 0x0, 0x1, 0x0, 0x0, 0x0, 0x0, 0x0,

    /* U+62A4 "护" */
    0x0, 0x0, 0x0, 0x0, 0x0, 0x0, 0x0, 0x0,
    0x0, 0xe1, 0x0, 0x0, 0x6a, 0x0, 0x0, 0x0,
    0xf, 0x10, 0x0, 0x2, 0xf1, 0x0, 0x0, 0x1,
    0xf2, 0x3, 0xdd, 0xdf, 0xfd, 0xd2, 0xf, 0xff,
    0xff, 0x4e, 0x44, 0x44, 0x4f, 0x30, 0x11, 0xf2,
    0x14, 0xe0, 0x0, 0x0, 0xe3, 0x0, 0xf, 0x10,
    0x4e, 0x0, 0x0, 0xe, 0x30, 0x0, 0xf4, 0x74,
    0xf1, 0x11, 0x11, 0xe3, 0x2, 0x7f, 0xfb, 0x4f,
    0xff, 0xff, 0xff, 0x33, 0xfd, 0xf3, 0x4, 0xd0,
    0x0, 0x0, 0x0, 0x2, 0xf, 0x10, 0x6c, 0x0,
    0x0, 0x0, 0x0, 0x0, 0xf1, 0x8, 0xa0, 0x0,
    0x0, 0x0, 0x0, 0xf, 0x10, 0xc7, 0x0, 0x0,
    0x0, 0x0, 0x0, 0xf1, 0x2f, 0x10, 0x0, 0x0,
    0x0, 0x2, 0x3f, 0x1a, 0xb0, 0x0, 0x0, 0x0,
    0x0, 0xbe, 0xa1, 0xf3, 0x0, 0x0, 0x0, 0x0,
    0x0, 0x0, 0x1, 0x0, 0x0, 0x0, 0x0, 0x0,

    /* U+62A5 "报" */
    0x0, 0xd, 0x20, 0x1, 0x11, 0x11, 0x11, 0x0,
    0x0, 0xe, 0x20, 0x6f, 0xff, 0xff, 0xfe, 0x0,
    0x0, 0xe, 0x20, 0x6b, 0x0, 0x0, 0x3e, 0x0,
    0x2e, 0xef, 0xfe, 0x7b, 0x1, 0x11, 0x6d, 0x0,
    0x1, 0x1f, 0x41, 0x6b, 0x5, 0xfe, 0xd5, 0x0,
    0x0, 0xe, 0x20, 0x6b, 0x0, 0x0, 0x0, 0x0,
    0x0, 0xe, 0x46, 0x6f, 0xff, 0xff, 0xff, 0x10,
    0x1, 0x6f, 0xfa, 0x6c, 0xb8, 0x11, 0x4f, 0x0,
    0x3f, 0xcf, 0x30, 0x6b, 0x4d, 0x0, 0x8a, 0x0,
    0x2, 0xe, 0x20, 0x6b, 0xd, 0x51, 0xe3, 0x0,
    0x0, 0xe, 0x20, 0x6b, 0x4, 0xeb, 0xa0, 0x0,
    0x0, 0xe, 0x20, 0x6b, 0x0, 0xff, 0x20, 0x0,
    0x0, 0xe, 0x20, 0x6b, 0x8, 0xfe, 0xd2, 0x0,
    0x2, 0x2f, 0x20, 0x6d, 0xbe, 0x20, 0x9f, 0x60,
    0xb, 0xfb, 0x0, 0x6d, 0xa1, 0x0, 0x5, 0xb0,
    0x0, 0x0, 0x0, 0x0, 0x0, 0x0, 0x0, 0x0,

    /* U+62DF "拟" */
    0x0, 0x1f, 0x0, 0x0, 0x62, 0x0, 0x51, 0x0,
    0x0, 0x1f, 0x0, 0xb2, 0x7c, 0x0, 0xd3, 0x0,
    0x0, 0x1f, 0x0, 0xe3, 0xd, 0x50, 0xd3, 0x0,
    0x1f, 0xff, 0xfb, 0xe3, 0x4, 0xc0, 0xd3, 0x0,
    0x3, 0x4f, 0x32, 0xe3, 0x0, 0x10, 0xe2, 0x0,
    0x0, 0x1f, 0x0, 0xe3, 0x0, 0x0, 0xf1, 0x0,
    0x0, 0x1f, 0x78, 0xe3, 0x0, 0x1, 0xf0, 0x0,
    0x6, 0xdf, 0xa3, 0xe3, 0x3, 0x14, 0xd0, 0x0,
    0x4c, 0x8f, 0x0, 0xe3, 0x3e, 0x48, 0x90, 0x0,
    0x0, 0x1f, 0x0, 0xe7, 0xe5, 0xf, 0xc0, 0x0,
    0x0, 0x1f, 0x0, 0xee, 0x30, 0x8f, 0xf4, 0x0,
    0x0, 0x1f, 0x1, 0x91, 0x7, 0xf2, 0x8e, 0x10,
    0x3, 0x5f, 0x0, 0x0, 0x9e, 0x30, 0xc, 0xa0,
    0xc, 0xe9, 0x0, 0x9, 0xd2, 0x0, 0x3, 0x90,
    0x0, 0x0, 0x0, 0x1, 0x0, 0x0, 0x0, 0x0,

    /* U+6362 "换" */
    0x0, 0x0, 0x0, 0x0, 0x0, 0x0, 0x0, 0x0,
    0x0, 0x3e, 0x0, 0x0, 0xc8, 0x0, 0x0, 0x0,
    0x0, 0x3e, 0x0, 0x4, 0xf6, 0x33, 0x30, 0x0,
    0x0, 0x3e, 0x0, 0x1f, 0xfc, 0xcd, 0xf1, 0x0,
    0xb, 0xef, 0xb6, 0xcc, 0x0, 0xa, 0x90, 0x0,
    0x4, 0x7f, 0x4c, 0xf6, 0x44, 0xbf, 0x54, 0x0,
    0x0, 0x3e, 0x4, 0xfc, 0xbf, 0xfd, 0xbf, 0x10,
    0x0, 0x3e, 0x41, 0xe3, 0x3, 0xe0, 0xf, 0x10,
    0x0, 0x8f, 0xf4, 0xe3, 0x3, 0xe0, 0xf, 0x10,
    0x2e, 0xff, 0x10, 0xe3, 0x3, 0xe0, 0xf, 0x10,
    0x5, 0x3e, 0x4f, 0xff, 0xff, 0xff, 0xff, 0xf5,
    0x0, 0x3e, 0x1, 0x11, 0x19, 0xf3, 0x11, 0x10,
    0x0, 0x3e, 0x0, 0x0, 0x2f, 0xcb, 0x0, 0x0,
    0x0, 0x3e, 0x0, 0x4, 0xea, 0xd, 0xa0, 0x0,
    0x2, 0x6e, 0x5, 0xbf, 0x80, 0x1, 0xdd, 0x50,
    0xc, 0xe7, 0x6f, 0x92, 0x0, 0x0, 0x8, 0xe2,
    0x0, 0x0, 0x0, 0x0, 0x0, 0x0, 0x0, 0x0,

    /* U+63A5 "接" */
    0x0, 0x0, 0x0, 0x0, 0x0, 0x0, 0x0, 0x0,
    0x0, 0x2c, 0x0, 0x0, 0x9, 0x90, 0x0, 0x0,
    0x0, 0x2e, 0x0, 0x22, 0x28, 0xf2, 0x22, 0x10,
    0x0, 0x2e, 0x1, 0xdd, 0xdd, 0xfd, 0xdd, 0x60,
    0x1d, 0xff, 0xd9, 0xb, 0x50, 0x2, 0xe0, 0x0,
    0x1, 0x3f, 0x10, 0x2, 0xe1, 0xc, 0x70, 0x0,
    0x0, 0x2e, 0x8, 0xff, 0xff, 0xff, 0xff, 0xf1,
    0x0, 0x2f, 0x84, 0x11, 0x94, 0x11, 0x11, 0x10,
    0x5, 0xdf, 0xa2, 0x2, 0xf1, 0x0, 0x0, 0x0,
    0x3c, 0x9f, 0xe, 0xff, 0xff, 0xff, 0xff, 0xe0,
    0x0, 0x2e, 0x0, 0x1f, 0x20, 0x7, 0xd0, 0x0,
    0x0, 0x2e, 0x0, 0x5e, 0x83, 0x2e, 0x40, 0x0,
    0x0, 0x2e, 0x0, 0x0, 0x6f, 0xfc, 0x0, 0x0,
    0x3, 0x5e, 0x0, 0x26, 0xcd, 0x8b, 0xe7, 0x0,
    0xe, 0xf8, 0x2e, 0xd9, 0x30, 0x0, 0x3c, 0xb0,
    0x0, 0x0, 0x1, 0x0, 0x0, 0x0, 0x0, 0x10,

    /* U+63D0 "提" */
    0x0, 0x1, 0x0, 0x0, 0x0, 0x0, 0x0, 0x0,
    0x0, 0x3e, 0x0, 0x0, 0x0, 0x0, 0x0, 0x0,
    0x0, 0x3e, 0x0, 0x8f, 0xee, 0xee, 0xfa, 0x0,
    0x0, 0x3e, 0x0, 0x89, 0x0, 0x0, 0x7a, 0x0,
    0x2f, 0xff, 0xf9, 0x8f, 0xee, 0xee, 0xfa, 0x0,
    0x1, 0x4f, 0x10, 0x89, 0x0, 0x0, 0x7a, 0x0,
    0x0, 0x3e, 0x0, 0x8f, 0xff, 0xff, 0xfa, 0x0,
    0x0, 0x3f, 0x95, 0x0, 0x0, 0x0, 0x0, 0x0,
    0x3, 0xdf, 0x96, 0x66, 0x66, 0x66, 0x66, 0x50,
    0x4d, 0xbf, 0x7, 0xaa, 0xae, 0xfa, 0xaa, 0x90,
    0x0, 0x3e, 0x0, 0x87, 0x4, 0xd0, 0x0, 0x0,
    0x0, 0x3e, 0x0, 0xf9, 0x4, 0xff, 0xff, 0x30,
    0x0, 0x3e, 0x2, 0xfc, 0x4, 0xd0, 0x0, 0x0,
    0x1, 0x6e, 0xc, 0x7a, 0x95, 0xd0, 0x0, 0x0,
    0xc, 0xe8, 0x7c, 0x0, 0x6f, 0xfc, 0xcd, 0xd1,
    0x0, 0x0, 0x0, 0x0, 0x0, 0x0, 0x0, 0x0,

    /* U+640F "搏" */
    0x0, 0x0, 0x0, 0x0, 0x0, 0x0, 0x0, 0x0,
    0x0, 0x1c, 0x0, 0x0, 0x1, 0x91, 0xc0, 0x0,
    0x0, 0x2e, 0x0, 0x11, 0x14, 0xe1, 0x9a, 0x10,
    0x0, 0x2e, 0x3, 0xdd, 0xdf, 0xfd, 0xdd, 0xd1,
    0xb, 0xef, 0xc5, 0x11, 0x13, 0xe1, 0x11, 0x0,
    0x3, 0x6f, 0x42, 0xfd, 0xdf, 0xfd, 0xdf, 0x0,
    0x0, 0x2e, 0x0, 0xf1, 0x14, 0xe1, 0x1d, 0x0,
    0x0, 0x2e, 0x33, 0xfb, 0xbe, 0xfb, 0xbf, 0x0,
    0x2, 0xaf, 0xe7, 0xf2, 0x25, 0xf2, 0x2e, 0x0,
    0x1d, 0xbf, 0x0, 0xfa, 0xad, 0xfa, 0xaf, 0x0,
    0x0, 0x2e, 0x0, 0xb0, 0x1, 0x80, 0xcb, 0x0,
    0x0, 0x2e, 0x2f, 0xff, 0xff, 0xff, 0xff, 0xf5,
    0x0, 0x2e, 0x0, 0x16, 0x0, 0x0, 0xe2, 0x0,
    0x0, 0x2e, 0x0, 0x2e, 0xa0, 0x0, 0xe2, 0x0,
    0x2, 0x4e, 0x0, 0x2, 0xe4, 0x23, 0xf2, 0x0,
    0xb, 0xe8, 0x0, 0x0, 0x11, 0xfe, 0xa0, 0x0,

    /* U+654F "敏" */
    0x0, 0x2, 0x0, 0x0, 0x0, 0x11, 0x0, 0x0,
    0x0, 0xd, 0x50, 0x0, 0x0, 0x88, 0x0, 0x0,
    0x0, 0x5f, 0xcc, 0xcc, 0xb0, 0xc4, 0x0, 0x0,
    0x1, 0xea, 0x44, 0x44, 0x42, 0xf6, 0x66, 0x62,
    0xa, 0xc1, 0x11, 0x10, 0xb, 0xfb, 0xbf, 0xd3,
    0xa, 0xbf, 0xff, 0xff, 0x1f, 0xb0, 0xe, 0x10,
    0x0, 0xb5, 0x93, 0xf, 0x8f, 0xa0, 0x1f, 0x0,
    0x0, 0xc3, 0x2a, 0x1f, 0x34, 0xe0, 0x4c, 0x0,
    0x1d, 0xfe, 0xdd, 0xef, 0xd1, 0xd3, 0x97, 0x0,
    0x3, 0xf3, 0x63, 0x5f, 0x30, 0x79, 0xe2, 0x0,
    0x1, 0xe0, 0xb6, 0x2d, 0x0, 0x1f, 0xd0, 0x0,
    0x2, 0xd0, 0x16, 0x3c, 0x0, 0x2f, 0xd0, 0x0,
    0x4, 0xff, 0xff, 0xff, 0xd1, 0xd6, 0xd8, 0x0,
    0x0, 0x11, 0x11, 0x9a, 0x4e, 0x70, 0x2e, 0x70,
    0x0, 0x0, 0xdf, 0xd4, 0xe6, 0x0, 0x2, 0xe4,
    0x0, 0x0, 0x0, 0x0, 0x10, 0x0, 0x0, 0x10,

    /* U+6570 "数" */
    0x0, 0x10, 0x73, 0x1, 0x0, 0xa0, 0x0, 0x0,
    0x5, 0xc0, 0xb5, 0x1d, 0x4, 0xd0, 0x0, 0x0,
    0x0, 0xa6, 0xb5, 0xb4, 0x9, 0xc4, 0x44, 0x40,
    0x3, 0x43, 0xe8, 0x53, 0x1f, 0xff, 0xff, 0xf0,
    0xb, 0xbf, 0xff, 0xbb, 0x8f, 0x11, 0x8a, 0x0,
    0x0, 0x3e, 0xdf, 0x30, 0xff, 0x0, 0x97, 0x0,
    0x4, 0xe3, 0xb6, 0xc8, 0xae, 0x10, 0xc4, 0x0,
    0x3e, 0x32, 0x93, 0x8, 0xb, 0x41, 0xf1, 0x0,
    0x1, 0xd, 0x60, 0x0, 0x7, 0xa6, 0xd0, 0x0,
    0x2e, 0xff, 0xfe, 0xfb, 0x1, 0xee, 0x70, 0x0,
    0x0, 0xc6, 0x0, 0xb6, 0x0, 0xef, 0x10, 0x0,
    0x1, 0xcc, 0x67, 0xd0, 0x1, 0xff, 0x50, 0x0,
    0x0, 0x4, 0xff, 0x80, 0xc, 0xb4, 0xf3, 0x0,
    0x4, 0x9f, 0x94, 0xc9, 0xcc, 0x0, 0x6f, 0x40,
    0x2d, 0x81, 0x0, 0x7, 0xb0, 0x0, 0x6, 0xb0,
    0x0, 0x0, 0x0, 0x0, 0x0, 0x0, 0x0, 0x0,

    /* U+6574 "整" */
    0x0, 0x0, 0x0, 0x0, 0x0, 0x10, 0x0, 0x0,
    0x0, 0x0, 0xa6, 0x0, 0x0, 0xe2, 0x0, 0x0,
    0xd, 0xee, 0xff, 0xee, 0x64, 0xf7, 0x77, 0x70,
    0x0, 0x0, 0xa6, 0x0, 0xf, 0xf8, 0xaf, 0x80,
    0x3, 0xec, 0xff, 0xcf, 0x6f, 0x80, 0x79, 0x0,
    0x3, 0xb0, 0xa6, 0xf, 0x83, 0xd3, 0xe2, 0x0,
    0x2, 0xcf, 0xff, 0xcc, 0x0, 0x5f, 0x90, 0x0,
    0x0, 0x5d, 0xbf, 0xa2, 0x2, 0xcf, 0xe4, 0x0,
    0x1a, 0xc1, 0xa6, 0x5d, 0x8f, 0x70, 0x4d, 0xb0,
    0x6, 0x44, 0x97, 0x44, 0x76, 0x44, 0x43, 0x40,
    0x0, 0xbb, 0xbb, 0xbf, 0xfb, 0xbb, 0xb8, 0x0,
    0x0, 0x3, 0x40, 0xa, 0xb0, 0x0, 0x0, 0x0,
    0x0, 0x7, 0x90, 0xa, 0xfe, 0xee, 0xe2, 0x0,
    0x0, 0x7, 0x90, 0xa, 0xb0, 0x0, 0x0, 0x0,
    0x9, 0xaf, 0xfa, 0xaf, 0xfa, 0xaa, 0xaa, 0x60,

    /* U+65AD "断" */
    0x12, 0x0, 0x93, 0x0, 0x0, 0x0, 0x25, 0x4,
    0xc7, 0xb, 0x40, 0x82, 0x8a, 0xef, 0xc0, 0x4c,
    0xb4, 0xb4, 0x5a, 0x6e, 0x85, 0x10, 0x4, 0xc4,
    0xbb, 0x4d, 0x36, 0xb0, 0x0, 0x0, 0x4c, 0x6,
    0xb5, 0x60, 0x6b, 0x0, 0x0, 0x4, 0xc9, 0x9f,
    0xe9, 0x56, 0xf7, 0x77, 0x74, 0x4c, 0x77, 0xfc,
    0x74, 0x6f, 0x8b, 0xf8, 0x44, 0xc0, 0x6f, 0xa0,
    0x6, 0xa0, 0x3d, 0x0, 0x4c, 0x1e, 0xdd, 0x90,
    0x7a, 0x3, 0xd0, 0x4, 0xca, 0x7b, 0x4b, 0x68,
    0x80, 0x3d, 0x0, 0x4e, 0xc0, 0xb4, 0x14, 0xb6,
    0x3, 0xd0, 0x4, 0xc0, 0xb, 0x40, 0xe, 0x30,
    0x3d, 0x0, 0x4c, 0x22, 0x63, 0x15, 0xe0, 0x3,
    0xd0, 0x4, 0xff, 0xff, 0xfe, 0xd7, 0x0, 0x3d,
    0x0, 0x0, 0x0, 0x0, 0x4d, 0x0, 0x3, 0xd0,
    0x0, 0x0, 0x0, 0x0, 0x0, 0x0, 0x0, 0x0,

    /* U+65B0 "新" */
    0x0, 0x2, 0xc0, 0x0, 0x0, 0x0, 0x1, 0x10,
    0x12, 0x2f, 0x52, 0x20, 0x46, 0x9c, 0xf6, 0xb,
    0xdd, 0xff, 0xdd, 0x2f, 0xb9, 0x51, 0x0, 0xc,
    0x30, 0x1d, 0x1, 0xf0, 0x0, 0x0, 0x0, 0x4b,
    0x9, 0x80, 0x1f, 0x0, 0x0, 0x3, 0xbb, 0xcd,
    0xfc, 0xb6, 0xf8, 0x88, 0x88, 0x14, 0x44, 0xf7,
    0x44, 0x3f, 0x88, 0xfb, 0x80, 0x0, 0xe, 0x20,
    0x1, 0xf0, 0xe, 0x20, 0x1f, 0xff, 0xff, 0xff,
    0x4e, 0x0, 0xe2, 0x0, 0x15, 0x2f, 0x44, 0x13,
    0xe0, 0xe, 0x20, 0x2, 0xe0, 0xe4, 0xe2, 0x4c,
    0x0, 0xe2, 0x0, 0xa7, 0xe, 0x25, 0xc7, 0xa0,
    0xe, 0x20, 0x4d, 0x12, 0xe2, 0x1, 0xc5, 0x0,
    0xe2, 0x0, 0x16, 0xfc, 0x0, 0x4f, 0x0, 0xe,
    0x20, 0x0, 0x0, 0x0, 0xc, 0x70, 0x0, 0xe2,
    0x0, 0x0, 0x0, 0x0, 0x10, 0x0, 0x0, 0x0,

    /* U+65CB "旋" */
    0x0, 0x0, 0x0, 0x0, 0x0, 0x0, 0x0, 0x0,
    0x6, 0xc0, 0x0, 0x2e, 0x0, 0x0, 0x0, 0x0,
    0x1f, 0x30, 0x9, 0xb3, 0x33, 0x33, 0x13, 0x88,
    0xda, 0x83, 0xff, 0xee, 0xee, 0xe7, 0x38, 0xf9,
    0x88, 0xc9, 0x0, 0x0, 0x0, 0x0, 0xf, 0x0,
    0x3f, 0x65, 0x55, 0x55, 0x51, 0x0, 0xf2, 0x11,
    0x5e, 0xee, 0xfe, 0xef, 0x40, 0xf, 0xff, 0xd0,
    0x0, 0xf, 0x1, 0xe0, 0x0, 0xf0, 0x3d, 0x3,
    0x10, 0xf0, 0x25, 0x0, 0x1e, 0x3, 0xd0, 0xc3,
    0xf, 0x22, 0x20, 0x3, 0xd0, 0x3c, 0xe, 0x20,
    0xff, 0xff, 0x20, 0x6a, 0x4, 0xc1, 0xf1, 0xf,
    0x0, 0x0, 0xa, 0x60, 0x5b, 0x5f, 0x80, 0xf0,
    0x0, 0x0, 0xf1, 0x8, 0xac, 0x5d, 0x9f, 0x0,
    0x0, 0x6b, 0x3f, 0xda, 0xc0, 0x8, 0xfe, 0xee,
    0x93, 0x30, 0x0, 0x32, 0x0, 0x0, 0x0, 0x0,

    /* U+65E0 "无" */
    0x0, 0x11, 0x11, 0x11, 0x11, 0x11, 0x11, 0x0,
    0xf, 0xff, 0xff, 0xff, 0xff, 0xff, 0xd0, 0x0,
    0x0, 0x0, 0x3f, 0x0, 0x0, 0x0, 0x0, 0x0,
    0x0, 0x4, 0xf0, 0x0, 0x0, 0x0, 0x0, 0x0,
    0x0, 0x5e, 0x0, 0x0, 0x0, 0x0, 0x44, 0x44,
    0x4b, 0xf4, 0x44, 0x44, 0x43, 0xc, 0xdd, 0xdd,
    0xff, 0xdd, 0xdd, 0xdd, 0x90, 0x0, 0x0, 0xe,
    0x67, 0x30, 0x0, 0x0, 0x0, 0x0, 0x4, 0xf1,
    0xd5, 0x0, 0x0, 0x0, 0x0, 0x0, 0xca, 0xd,
    0x50, 0x0, 0x0, 0x0, 0x0, 0x7f, 0x20, 0xd5,
    0x0, 0x4, 0x30, 0x0, 0x6f, 0x50, 0xd, 0x50,
    0x0, 0x98, 0x0, 0x9f, 0x60, 0x0, 0xd8, 0x11,
    0x2c, 0x50, 0xde, 0x40, 0x0, 0x7, 0xff, 0xff,
    0xc1, 0x6, 0x10, 0x0, 0x0, 0x0, 0x0, 0x0,
    0x0,

    /* U+6682 "暂" */
    0x0, 0x0, 0x20, 0x0, 0x0, 0x0, 0x0, 0x0,
    0x0, 0x6b, 0x0, 0x0, 0x1, 0x47, 0xa2, 0xe,
    0xff, 0xff, 0xfe, 0x6f, 0xfd, 0xa6, 0x10, 0x7,
    0xb2, 0x20, 0x7, 0x90, 0x0, 0x0, 0x2, 0xf4,
    0x9b, 0x11, 0x79, 0x0, 0x0, 0x0, 0x5d, 0xdf,
    0xfd, 0x98, 0xfe, 0xef, 0xfe, 0x0, 0x0, 0x7a,
    0x23, 0x97, 0x0, 0xe2, 0x1, 0xee, 0xef, 0xfb,
    0x8d, 0x40, 0xe, 0x20, 0x0, 0x0, 0x79, 0x7,
    0xc0, 0x0, 0xe2, 0x0, 0x0, 0x24, 0x52, 0x55,
    0x22, 0x23, 0x0, 0x0, 0x1f, 0xcc, 0xcc, 0xcc,
    0xcc, 0xf1, 0x0, 0x1, 0xf0, 0x0, 0x0, 0x0,
    0xf, 0x10, 0x0, 0x1f, 0xee, 0xee, 0xee, 0xee,
    0xf1, 0x0, 0x1, 0xf0, 0x0, 0x0, 0x0, 0xf,
    0x10, 0x0, 0x1f, 0xee, 0xee, 0xee, 0xee, 0xf1,
    0x0,

    /* U+6700 "最" */
    0x0, 0xb, 0xbb, 0xbb, 0xbb, 0xbb, 0xa0, 0x0,
    0x0, 0xf, 0x43, 0x33, 0x33, 0x34, 0xf0, 0x0,
    0x0, 0xf, 0xec, 0xcc, 0xcc, 0xce, 0xf0, 0x0,
    0x0, 0xf, 0x21, 0x11, 0x11, 0x13, 0xf0, 0x0,
    0x0, 0xf, 0xee, 0xee, 0xee, 0xee, 0xf0, 0x0,
    0x0, 0x0, 0x0, 0x0, 0x0, 0x0, 0x0, 0x0,
    0x1e, 0xff, 0xee, 0xff, 0xee, 0xee, 0xee, 0xe2,
    0x0, 0x97, 0x0, 0x79, 0x0, 0x0, 0x0, 0x0,
    0x0, 0xbf, 0xdd, 0xf9, 0xdf, 0xee, 0xef, 0x10,
    0x0, 0x97, 0x0, 0x79, 0x1e, 0x10, 0x8c, 0x0,
    0x0, 0xbf, 0xdd, 0xf9, 0x9, 0x91, 0xf4, 0x0,
    0x0, 0x97, 0x0, 0x79, 0x10, 0xef, 0x90, 0x0,
    0x2, 0xcd, 0x7a, 0xff, 0xa1, 0xff, 0x90, 0x0,
    0xc, 0xb9, 0x75, 0xaa, 0x7f, 0x82, 0xce, 0x80,
    0x0, 0x0, 0x0, 0x79, 0x83, 0x0, 0x6, 0xa0,

    /* U+672F "术" */
    0x0, 0x0, 0x0, 0x3, 0x10, 0x0, 0x0, 0x0,
    0x0, 0x0, 0x0, 0xe, 0x42, 0xd2, 0x0, 0x0,
    0x0, 0x0, 0x0, 0xe, 0x40, 0x6e, 0x30, 0x0,
    0x0, 0x0, 0x0, 0xe, 0x40, 0x7, 0x40, 0x0,
    0xe, 0xee, 0xee, 0xff, 0xfe, 0xee, 0xee, 0x50,
    0x4, 0x44, 0x48, 0xff, 0xfa, 0x44, 0x44, 0x10,
    0x0, 0x0, 0xa, 0x8e, 0xac, 0x0, 0x0, 0x0,
    0x0, 0x0, 0x2f, 0x2e, 0x5f, 0x30, 0x0, 0x0,
    0x0, 0x0, 0xba, 0xe, 0x48, 0xc0, 0x0, 0x0,
    0x0, 0x5, 0xf2, 0xe, 0x41, 0xe6, 0x0, 0x0,
    0x0, 0x2e, 0x70, 0xe, 0x40, 0x5f, 0x30, 0x0,
    0x1, 0xdb, 0x0, 0xe, 0x40, 0x8, 0xe3, 0x0,
    0x1d, 0xd1, 0x0, 0xe, 0x40, 0x0, 0xaf, 0x50,
    0x5d, 0x10, 0x0, 0xe, 0x40, 0x0, 0x9, 0xa0,
    0x0, 0x0, 0x0, 0xe, 0x40, 0x0, 0x0, 0x0,
    0x0, 0x0, 0x0, 0xe, 0x40, 0x0, 0x0, 0x0,

    /* U+6765 "来" */
    0x0, 0x0, 0x0, 0x1, 0x0, 0x0, 0x0, 0x0,
    0x0, 0x0, 0x0, 0xe4, 0x0, 0x0, 0x0, 0x0,
    0x11, 0x11, 0x1f, 0x51, 0x11, 0x11, 0x0, 0x9f,
    0xff, 0xff, 0xff, 0xff, 0xff, 0xf0, 0x0, 0x28,
    0x0, 0xe, 0x40, 0x3, 0x70, 0x0, 0x1, 0xe7,
    0x0, 0xe4, 0x1, 0xe7, 0x0, 0x0, 0x3, 0xf4,
    0xe, 0x40, 0xcb, 0x0, 0x0, 0x0, 0x5, 0x10,
    0xe4, 0x8, 0x0, 0x0, 0x4f, 0xff, 0xff, 0xff,
    0xff, 0xff, 0xff, 0x90, 0x22, 0x22, 0x7f, 0xfe,
    0xc2, 0x22, 0x21, 0x0, 0x0, 0x2e, 0x4e, 0x4e,
    0x70, 0x0, 0x0, 0x0, 0x2e, 0x80, 0xe4, 0x3f,
    0x70, 0x0, 0x0, 0x5f, 0xa0, 0xe, 0x40, 0x4f,
    0xa1, 0x2, 0xbf, 0x70, 0x0, 0xe4, 0x0, 0x2d,
    0xe7, 0x3b, 0x20, 0x0, 0xe, 0x40, 0x0, 0x7,
    0x70, 0x0, 0x0, 0x0, 0xe4, 0x0, 0x0, 0x0,

    /* U+679C "果" */
    0x0, 0x12, 0x22, 0x22, 0x22, 0x22, 0x20, 0x0,
    0x7, 0xfd, 0xdd, 0xff, 0xdd, 0xdf, 0x40, 0x0,
    0x7a, 0x0, 0xe, 0x40, 0x0, 0xd4, 0x0, 0x7,
    0xfc, 0xcc, 0xff, 0xcc, 0xcf, 0x40, 0x0, 0x7d,
    0x33, 0x3f, 0x73, 0x33, 0xf4, 0x0, 0x7, 0xa0,
    0x0, 0xe4, 0x0, 0xd, 0x40, 0x0, 0x7f, 0xff,
    0xff, 0xff, 0xff, 0xf4, 0x0, 0x0, 0x11, 0x11,
    0xf5, 0x11, 0x11, 0x0, 0x3, 0x33, 0x33, 0x3f,
    0x73, 0x33, 0x33, 0x11, 0xee, 0xee, 0xff, 0xff,
    0xfe, 0xee, 0xe6, 0x0, 0x0, 0xb, 0x9e, 0x8e,
    0x30, 0x0, 0x0, 0x0, 0x2c, 0xb0, 0xe4, 0x6f,
    0x50, 0x0, 0x1, 0x8f, 0x80, 0xe, 0x40, 0x4e,
    0xb3, 0x5, 0xfb, 0x30, 0x0, 0xe4, 0x0, 0x19,
    0xf9, 0x13, 0x0, 0x0, 0xe, 0x40, 0x0, 0x1,
    0x20,

    /* U+6A21 "模" */
    0x0, 0xb, 0x0, 0x0, 0xb1, 0x6, 0x60, 0x0,
    0x0, 0x1f, 0x1, 0x44, 0xf5, 0x4b, 0xc4, 0x30,
    0x0, 0x1f, 0x3, 0xbb, 0xfd, 0xbf, 0xfb, 0xa0,
    0x1b, 0xcf, 0xb9, 0x0, 0xa1, 0x5, 0x50, 0x0,
    0x1, 0x7f, 0x11, 0x9f, 0xee, 0xee, 0xef, 0x0,
    0x0, 0xbf, 0x80, 0x97, 0x0, 0x0, 0xf, 0x0,
    0x0, 0xff, 0xd4, 0x9f, 0xdd, 0xdd, 0xdf, 0x0,
    0x7, 0xaf, 0x2d, 0x97, 0x0, 0x0, 0xf, 0x0,
    0xe, 0x4f, 0x1, 0x8e, 0xef, 0xfe, 0xef, 0x0,
    0x7b, 0x1f, 0x0, 0x0, 0x4, 0xd0, 0x0, 0x0,
    0x12, 0x1f, 0x5, 0xee, 0xef, 0xfe, 0xee, 0xd0,
    0x0, 0x1f, 0x0, 0x0, 0xc, 0xf4, 0x0, 0x0,
    0x0, 0x1f, 0x0, 0x0, 0x8e, 0x6e, 0x30, 0x0,
    0x0, 0x1f, 0x2, 0x7d, 0xc2, 0x6, 0xfb, 0x50,
    0x0, 0x1f, 0xe, 0xc5, 0x0, 0x0, 0x29, 0xe1,
    0x0, 0x0, 0x0, 0x0, 0x0, 0x0, 0x0, 0x0,

    /* U+6B62 "止" */
    0x0, 0x0, 0x0, 0x2, 0xe0, 0x0, 0x0, 0x0,
    0x0, 0x0, 0x0, 0x3f, 0x0, 0x0, 0x0, 0x0,
    0x2, 0x10, 0x3, 0xf0, 0x0, 0x0, 0x0, 0x0,
    0xd5, 0x0, 0x3f, 0x0, 0x0, 0x0, 0x0, 0xd,
    0x50, 0x3, 0xf2, 0x22, 0x22, 0x0, 0x0, 0xd5,
    0x0, 0x3f, 0xff, 0xff, 0xd0, 0x0, 0xd, 0x50,
    0x3, 0xf0, 0x0, 0x0, 0x0, 0x0, 0xd5, 0x0,
    0x3f, 0x0, 0x0, 0x0, 0x0, 0xd, 0x50, 0x3,
    0xf0, 0x0, 0x0, 0x0, 0x0, 0xd5, 0x0, 0x3f,
    0x0, 0x0, 0x0, 0x0, 0xd, 0x50, 0x3, 0xf0,
    0x0, 0x0, 0x0, 0x0, 0xd5, 0x0, 0x3f, 0x0,
    0x0, 0x0, 0x0, 0xd, 0x50, 0x3, 0xf0, 0x0,
    0x0, 0x7, 0xff, 0xff, 0xff, 0xff, 0xff, 0xff,
    0xfa, 0x1, 0x11, 0x11, 0x11, 0x11, 0x11, 0x11,
    0x0,

    /* U+6B63 "正" */
    0x6, 0x99, 0x99, 0x99, 0x99, 0x99, 0x99, 0x30,
    0x69, 0x99, 0x99, 0xcf, 0x99, 0x99, 0x94, 0x0,
    0x0, 0x0, 0x2, 0xf0, 0x0, 0x0, 0x0, 0x0,
    0x71, 0x0, 0x2f, 0x0, 0x0, 0x0, 0x0, 0xe,
    0x30, 0x2, 0xf0, 0x0, 0x0, 0x0, 0x0, 0xe3,
    0x0, 0x2f, 0xcc, 0xcc, 0xb0, 0x0, 0xe, 0x30,
    0x2, 0xf5, 0x55, 0x54, 0x0, 0x0, 0xe3, 0x0,
    0x2f, 0x0, 0x0, 0x0, 0x0, 0xe, 0x30, 0x2,
    0xf0, 0x0, 0x0, 0x0, 0x0, 0xe3, 0x0, 0x2f,
    0x0, 0x0, 0x0, 0x0, 0xe, 0x30, 0x2, 0xf0,
    0x0, 0x0, 0x3, 0x88, 0xfc, 0x88, 0xbf, 0x88,
    0x88, 0x88, 0x49, 0x99, 0x99, 0x99, 0x99, 0x99,
    0x99, 0x80,

    /* U+6C14 "气" */
    0x0, 0x3, 0xb0, 0x0, 0x0, 0x0, 0x0, 0x0,
    0x0, 0xce, 0x33, 0x33, 0x33, 0x33, 0x30, 0x0,
    0x3f, 0xfe, 0xee, 0xee, 0xee, 0xee, 0x20, 0xc,
    0xb0, 0x0, 0x0, 0x0, 0x0, 0x0, 0x8, 0xed,
    0xff, 0xff, 0xff, 0xff, 0xf1, 0x3, 0xf5, 0x11,
    0x11, 0x11, 0x11, 0x11, 0x0, 0x3, 0x22, 0x22,
    0x22, 0x22, 0x22, 0x0, 0x0, 0x2f, 0xff, 0xff,
    0xff, 0xff, 0xf0, 0x0, 0x0, 0x0, 0x0, 0x0,
    0x0, 0x4f, 0x0, 0x0, 0x0, 0x0, 0x0, 0x0,
    0x3, 0xf0, 0x0, 0x0, 0x0, 0x0, 0x0, 0x0,
    0x3f, 0x0, 0x0, 0x0, 0x0, 0x0, 0x0, 0x2,
    0xf1, 0x47, 0x0, 0x0, 0x0, 0x0, 0x0, 0xf,
    0x49, 0xa0, 0x0, 0x0, 0x0, 0x0, 0x0, 0xac,
    0xe4, 0x0, 0x0, 0x0, 0x0, 0x0, 0x2, 0xea,
    0x0,

    /* U+6C27 "氧" */
    0x0, 0x0, 0x10, 0x0, 0x0, 0x0, 0x0, 0x0,
    0x0, 0x4, 0xf0, 0x0, 0x0, 0x0, 0x0, 0x0,
    0x0, 0xf, 0xfe, 0xee, 0xee, 0xee, 0xee, 0xa0,
    0x0, 0x9d, 0x0, 0x0, 0x0, 0x0, 0x0, 0x0,
    0x6, 0xfb, 0xee, 0xee, 0xee, 0xee, 0xec, 0x0,
    0x2f, 0x61, 0x11, 0x11, 0x11, 0x11, 0x10, 0x0,
    0x3, 0xdd, 0xdd, 0xdd, 0xdd, 0xdd, 0xe0, 0x0,
    0x0, 0x8, 0x80, 0x4, 0xc0, 0x4, 0xe0, 0x0,
    0x7, 0x99, 0xfa, 0xcf, 0xc9, 0x84, 0xe0, 0x0,
    0x2, 0x33, 0x39, 0xe3, 0x33, 0x34, 0xe0, 0x0,
    0x2, 0xbb, 0xbf, 0xfb, 0xbb, 0x43, 0xe0, 0x0,
    0x0, 0x33, 0x38, 0xe3, 0x33, 0x13, 0xf0, 0x0,
    0x2, 0x22, 0x27, 0xd2, 0x22, 0x23, 0xf0, 0x52,
    0x3c, 0xcc, 0xcf, 0xfc, 0xcc, 0xc5, 0xf2, 0xb4,
    0x0, 0x0, 0x5, 0xb0, 0x0, 0x0, 0xc9, 0xe0,
    0x0, 0x0, 0x5, 0xb0, 0x0, 0x0, 0x4f, 0x70,
    0x0, 0x0, 0x0, 0x0, 0x0, 0x0, 0x0, 0x0,

    /* U+6CE2 "波" */
    0x0, 0x0, 0x0, 0x0, 0x1, 0x0, 0x0, 0x0,
    0x4, 0x0, 0x0, 0x0, 0xd4, 0x0, 0x0, 0x3,
    0xf8, 0x0, 0x0, 0xd, 0x40, 0x0, 0x0, 0x2,
    0xd9, 0x6f, 0xff, 0xff, 0xff, 0xf4, 0x0, 0x0,
    0x27, 0xb2, 0x2f, 0x62, 0x3f, 0x12, 0xd3, 0x0,
    0x7a, 0x0, 0xd4, 0x7, 0xa0, 0x8, 0xf6, 0x7,
    0xa0, 0xd, 0x40, 0x0, 0x0, 0x4, 0xd0, 0x7f,
    0xdd, 0xff, 0xdd, 0x40, 0x0, 0x0, 0x7, 0xcf,
    0x73, 0x34, 0xf3, 0x0, 0x2, 0x50, 0x88, 0x8a,
    0x0, 0x6d, 0x0, 0x0, 0x7b, 0xb, 0x71, 0xe3,
    0x1e, 0x50, 0x0, 0xb, 0x70, 0xe3, 0x6, 0xec,
    0xa0, 0x0, 0x1, 0xf2, 0x3f, 0x0, 0xf, 0xf3,
    0x0, 0x0, 0x6d, 0xa, 0x90, 0x5e, 0xb9, 0xf7,
    0x0, 0xc, 0x73, 0xf7, 0xde, 0x50, 0x3, 0xde,
    0x60, 0x20, 0x46, 0x67, 0x0, 0x0, 0x0, 0x66,

    /* U+6D4B "测" */
    0x7, 0x0, 0x0, 0x0, 0x0, 0x0, 0xa, 0xa,
    0xd2, 0xbf, 0xff, 0xf1, 0x13, 0x1e, 0x0, 0x8b,
    0xb4, 0x11, 0xe1, 0x4b, 0x1e, 0x0, 0x1, 0xb3,
    0xd1, 0xe1, 0x4b, 0x1e, 0x89, 0x0, 0xb3, 0xd1,
    0xe1, 0x4b, 0x1e, 0x1c, 0xb0, 0xb3, 0xd1, 0xe1,
    0x4b, 0x1e, 0x0, 0xb3, 0xb3, 0xd1, 0xe1, 0x4b,
    0x1e, 0x0, 0x0, 0xb3, 0xd1, 0xe1, 0x4b, 0x1e,
    0x0, 0x91, 0xb3, 0xe0, 0xe1, 0x4b, 0x1e, 0x1,
    0xf0, 0xb4, 0xe0, 0xe1, 0x4b, 0x1e, 0x5, 0xc0,
    0x66, 0xf8, 0x60, 0x4a, 0x1e, 0xa, 0x70, 0x1d,
    0x5d, 0x90, 0x0, 0x1e, 0xe, 0x21, 0xc8, 0x1,
    0xda, 0x1, 0x4e, 0x3c, 0xc, 0x80, 0x0, 0x14,
    0xf, 0xf8, 0x0, 0x0, 0x0, 0x0, 0x0, 0x0,
    0x0,

    /* U+6E90 "源" */
    0x2, 0x30, 0x1, 0x22, 0x22, 0x22, 0x22, 0x20,
    0x5, 0xf6, 0xf, 0xff, 0xff, 0xff, 0xff, 0xf1,
    0x0, 0x4f, 0x6f, 0x10, 0x0, 0xf1, 0x0, 0x0,
    0x0, 0x3, 0x1f, 0x12, 0x49, 0xf4, 0x44, 0x0,
    0x2b, 0x10, 0xf, 0x18, 0xec, 0xeb, 0xbf, 0x10,
    0x8, 0xe5, 0xf, 0x18, 0x90, 0x0, 0xf, 0x10,
    0x0, 0x4c, 0xf, 0x18, 0xff, 0xff, 0xff, 0x10,
    0x0, 0x0, 0xf, 0x18, 0x90, 0x0, 0xf, 0x10,
    0x0, 0x55, 0x1f, 0x8, 0xc9, 0x99, 0x9f, 0x10,
    0x0, 0xb5, 0x3e, 0x3, 0x77, 0xf8, 0x77, 0x0,
    0x0, 0xf2, 0x6b, 0x3, 0xa0, 0xe1, 0x86, 0x0,
    0x4, 0xe0, 0xc6, 0x1d, 0x50, 0xe1, 0x1e, 0x40,
    0x9, 0x92, 0xf2, 0xc8, 0x1, 0xf1, 0x3, 0xe1,
    0xc, 0x49, 0xa1, 0x70, 0x9f, 0xb0, 0x0, 0x40,
    0x0, 0x1, 0x10, 0x0, 0x0, 0x0, 0x0, 0x0,

    /* U+6EE4 "滤" */
    0x0, 0x0, 0x0, 0x0, 0x0, 0x0, 0x0, 0x0,
    0x2, 0x30, 0x0, 0x0, 0x9a, 0x0, 0x0, 0x0,
    0x4, 0xf7, 0x0, 0x0, 0x9f, 0xee, 0xee, 0x50,
    0x0, 0x2e, 0x70, 0x0, 0x9a, 0x0, 0x0, 0x0,
    0x1, 0x2, 0x1d, 0xee, 0xff, 0xee, 0xee, 0xb0,
    0x4e, 0x40, 0xe, 0x21, 0x77, 0x11, 0x1a, 0x90,
    0x4, 0xe7, 0xe, 0x57, 0xff, 0xcd, 0x44, 0x10,
    0x0, 0x27, 0xe, 0x45, 0xcb, 0x10, 0x3f, 0x0,
    0x0, 0x0, 0xf, 0x10, 0x4e, 0xbb, 0xea, 0x0,
    0x0, 0x86, 0xf, 0x0, 0x3, 0x41, 0x0, 0x0,
    0x0, 0xc5, 0x1f, 0x24, 0xc4, 0xd0, 0x46, 0x0,
    0x0, 0xf1, 0x4d, 0x77, 0xe1, 0x96, 0x1e, 0x10,
    0x4, 0xd0, 0x99, 0xb3, 0xe1, 0x4, 0x88, 0x90,
    0x9, 0x90, 0xe6, 0xd0, 0xe2, 0x7, 0x91, 0xe1,
    0xe, 0x48, 0xb0, 0x20, 0x9f, 0xfe, 0x40, 0x10,
    0x1, 0x1, 0x20, 0x0, 0x0, 0x0, 0x0, 0x0,

    /* U+7075 "灵" */
    0x0, 0x11, 0x11, 0x11, 0x11, 0x11, 0x10, 0x0,
    0x0, 0xdf, 0xff, 0xff, 0xff, 0xff, 0xf2, 0x0,
    0x0, 0x0, 0x0, 0x0, 0x0, 0x0, 0xf2, 0x0,
    0x0, 0x5b, 0xbb, 0xbb, 0xbb, 0xbb, 0xf2, 0x0,
    0x0, 0x24, 0x44, 0x44, 0x44, 0x44, 0xf2, 0x0,
    0x0, 0x0, 0x0, 0x0, 0x0, 0x0, 0xf2, 0x0,
    0x0, 0xff, 0xff, 0xff, 0xff, 0xff, 0xf2, 0x0,
    0x0, 0x31, 0x11, 0x19, 0x31, 0x11, 0x11, 0x0,
    0x0, 0xe8, 0x0, 0xf, 0x50, 0x0, 0xc9, 0x0,
    0x0, 0x2d, 0x90, 0x1f, 0x90, 0x1c, 0xb0, 0x0,
    0x0, 0x2, 0xd2, 0x8f, 0xe1, 0x99, 0x0, 0x0,
    0x0, 0x0, 0x6, 0xf3, 0xad, 0x20, 0x0, 0x0,
    0x0, 0x4, 0xce, 0x30, 0x9, 0xf8, 0x10, 0x0,
    0x18, 0xde, 0x70, 0x0, 0x0, 0x3b, 0xfb, 0x70,
    0x1a, 0x50, 0x0, 0x0, 0x0, 0x0, 0x17, 0x90,

    /* U+70B9 "点" */
    0x0, 0x0, 0x2, 0xd0, 0x0, 0x0, 0x0, 0x0,
    0x0, 0x2, 0xf3, 0x33, 0x33, 0x31, 0x0, 0x0,
    0x2, 0xff, 0xff, 0xff, 0xf6, 0x0, 0x0, 0x2,
    0xf0, 0x0, 0x0, 0x0, 0x2, 0x99, 0x9b, 0xf9,
    0x99, 0x99, 0x20, 0x4, 0xf9, 0x99, 0x99, 0x99,
    0x9f, 0x30, 0x4, 0xe0, 0x0, 0x0, 0x0, 0xe,
    0x30, 0x4, 0xe0, 0x0, 0x0, 0x0, 0xe, 0x30,
    0x4, 0xf3, 0x33, 0x33, 0x33, 0x3f, 0x30, 0x3,
    0xff, 0xff, 0xff, 0xff, 0xff, 0x30, 0x1, 0x40,
    0x0, 0x0, 0x20, 0x5, 0x0, 0x7, 0xb0, 0xb5,
    0x5, 0xd0, 0xd, 0x70, 0xe, 0x50, 0x88, 0x0,
    0xe4, 0x3, 0xf1, 0x8d, 0x0, 0x5b, 0x0, 0x99,
    0x0, 0xb9, 0x84, 0x0, 0x26, 0x0, 0x22, 0x0,
    0x35,

    /* U+70C1 "烁" */
    0x0, 0x2, 0x0, 0x0, 0x0, 0x0, 0x0, 0x0,
    0x0, 0x2e, 0x0, 0x0, 0x0, 0x24, 0x69, 0x0,
    0x0, 0x2e, 0x0, 0x3d, 0xef, 0xfd, 0xb8, 0x10,
    0x24, 0x2e, 0x9, 0x8c, 0x32, 0x30, 0x0, 0x0,
    0x3c, 0x2e, 0x2e, 0x7a, 0x0, 0xf1, 0x0, 0x0,
    0xe, 0x3e, 0xa7, 0x89, 0x0, 0xf1, 0x0, 0x0,
    0xc, 0x5f, 0xd0, 0x97, 0x0, 0xf1, 0x0, 0x0,
    0x9, 0x8d, 0x0, 0xbe, 0xcc, 0xfd, 0xcc, 0xa0,
    0x0, 0x4d, 0x0, 0x35, 0x55, 0xf6, 0x55, 0x40,
    0x0, 0x5f, 0x0, 0x3, 0x20, 0xf1, 0x30, 0x0,
    0x0, 0x8f, 0x50, 0xc, 0x70, 0xf1, 0xd4, 0x0,
    0x0, 0xb9, 0xe1, 0x3f, 0x10, 0xf1, 0x5d, 0x0,
    0x1, 0xf1, 0x8a, 0xb7, 0x0, 0xf1, 0xd, 0x50,
    0x6, 0xc0, 0x9, 0xd0, 0x0, 0xf1, 0x6, 0xc0,
    0x1e, 0x50, 0x8, 0x40, 0x34, 0xf0, 0x0, 0xe2,
    0x5c, 0x0, 0x0, 0x0, 0xef, 0x90, 0x0, 0x0,
    0x0, 0x0, 0x0, 0x0, 0x0, 0x0, 0x0, 0x0,

    /* U+7126 "焦" */
    0x0, 0x0, 0x0, 0x0, 0x10, 0x0, 0x0, 0x0,
    0x0, 0x2e, 0x0, 0x1f, 0x20, 0x0, 0x0, 0x0,
    0xb, 0x90, 0x0, 0xa9, 0x0, 0x0, 0x0, 0x4,
    0xff, 0xff, 0xff, 0xff, 0xff, 0xf3, 0x0, 0xff,
    0x0, 0x0, 0xe2, 0x0, 0x0, 0x0, 0x9f, 0xfd,
    0xdd, 0xdf, 0xfd, 0xdd, 0xb0, 0x5f, 0x5f, 0x22,
    0x22, 0xf4, 0x22, 0x21, 0x0, 0x33, 0xf0, 0x0,
    0xf, 0x30, 0x0, 0x0, 0x0, 0x3f, 0xee, 0xee,
    0xff, 0xee, 0xec, 0x0, 0x3, 0xf0, 0x0, 0xe,
    0x20, 0x0, 0x0, 0x0, 0x3f, 0xcc, 0xcc, 0xfe,
    0xcc, 0xcc, 0x60, 0x2, 0xc3, 0x33, 0x33, 0x33,
    0x33, 0x31, 0x0, 0x79, 0x9, 0x30, 0x58, 0x1,
    0xe1, 0x0, 0xe, 0x50, 0xa7, 0x3, 0xf0, 0xa,
    0x90, 0x7, 0xd0, 0x6, 0xb0, 0xd, 0x50, 0x2f,
    0x20, 0x84, 0x0, 0x25, 0x0, 0x31, 0x0, 0x73,

    /* U+7387 "率" */
    0x0, 0x0, 0x0, 0xb, 0x20, 0x0, 0x0, 0x0,
    0x23, 0x33, 0x33, 0xeb, 0x33, 0x33, 0x31, 0xc,
    0xdd, 0xdd, 0xdf, 0xfd, 0xdd, 0xdd, 0x60, 0x43,
    0x0, 0x9, 0xa0, 0x45, 0x0, 0x60, 0x6, 0xf4,
    0x8, 0xb4, 0x8e, 0x31, 0xba, 0x0, 0x5, 0xe9,
    0xfe, 0xff, 0x32, 0xe8, 0x0, 0x0, 0x1, 0x30,
    0x4d, 0x48, 0x5, 0x0, 0x0, 0x4, 0xd9, 0x7d,
    0x20, 0xd8, 0xcc, 0x20, 0xb, 0xe5, 0xbf, 0xee,
    0xff, 0xf2, 0x7e, 0x40, 0x60, 0x2, 0x33, 0x64,
    0x7, 0x30, 0x42, 0x1, 0x11, 0x11, 0x1d, 0x61,
    0x11, 0x11, 0x2, 0xff, 0xff, 0xff, 0xff, 0xff,
    0xff, 0xfe, 0x0, 0x0, 0x0, 0xc, 0x50, 0x0,
    0x0, 0x0, 0x0, 0x0, 0x0, 0xc5, 0x0, 0x0,
    0x0, 0x0, 0x0, 0x0, 0xc, 0x50, 0x0, 0x0,
    0x0,

    /* U+751F "生" */
    0x0, 0x0, 0x0, 0x1, 0x0, 0x0, 0x0, 0x0,
    0x0, 0x60, 0x4, 0xe0, 0x0, 0x0, 0x0, 0x0,
    0x5d, 0x0, 0x4e, 0x0, 0x0, 0x0, 0x0, 0xb,
    0x80, 0x4, 0xe0, 0x0, 0x0, 0x0, 0x1, 0xff,
    0xff, 0xff, 0xff, 0xff, 0xf6, 0x0, 0x8d, 0x33,
    0x37, 0xf3, 0x33, 0x33, 0x10, 0x1f, 0x40, 0x0,
    0x4e, 0x0, 0x0, 0x0, 0xa, 0xb0, 0x0, 0x4,
    0xe0, 0x0, 0x0, 0x0, 0x43, 0x33, 0x33, 0x7f,
    0x33, 0x33, 0x20, 0x0, 0x4f, 0xff, 0xff, 0xff,
    0xff, 0xfe, 0x0, 0x0, 0x0, 0x0, 0x4e, 0x0,
    0x0, 0x0, 0x0, 0x0, 0x0, 0x4, 0xe0, 0x0,
    0x0, 0x0, 0x0, 0x0, 0x0, 0x4e, 0x0, 0x0,
    0x0, 0x0, 0x0, 0x0, 0x4, 0xe0, 0x0, 0x0,
    0x0, 0xbf, 0xff, 0xff, 0xff, 0xff, 0xff, 0xff,
    0x11, 0x11, 0x11, 0x11, 0x11, 0x11, 0x11, 0x10,

    /* U+7535 "电" */
    0x0, 0x0, 0x0, 0x10, 0x0, 0x0, 0x0, 0x0,
    0x0, 0x2, 0xf0, 0x0, 0x0, 0x0, 0x0, 0x0,
    0x2, 0xf0, 0x0, 0x0, 0x0, 0x2f, 0xff, 0xff,
    0xff, 0xff, 0xff, 0x20, 0x2f, 0x22, 0x25, 0xf2,
    0x22, 0x2f, 0x20, 0x2f, 0x0, 0x2, 0xf0, 0x0,
    0xf, 0x20, 0x2f, 0x11, 0x14, 0xf1, 0x11, 0x1f,
    0x20, 0x2f, 0xff, 0xff, 0xff, 0xff, 0xff, 0x20,
    0x2f, 0x0, 0x2, 0xf0, 0x0, 0xf, 0x20, 0x2f,
    0x0, 0x2, 0xf0, 0x0, 0xf, 0x20, 0x2f, 0x22,
    0x25, 0xf2, 0x22, 0x2f, 0x20, 0x2e, 0xee, 0xef,
    0xfe, 0xee, 0xee, 0x31, 0x0, 0x0, 0x2, 0xf0,
    0x0, 0x0, 0x5c, 0x0, 0x0, 0x2, 0xf3, 0x11,
    0x12, 0xaa, 0x0, 0x0, 0x0, 0xaf, 0xff, 0xff,
    0xd3, 0x0, 0x0, 0x0, 0x0, 0x0, 0x0, 0x0,

    /* U+754C "界" */
    0x0, 0x46, 0x66, 0x66, 0x66, 0x66, 0x62, 0x0,
    0x0, 0xac, 0x99, 0x9f, 0xc9, 0x99, 0xd7, 0x0,
    0x0, 0xa7, 0x0, 0xe, 0x40, 0x0, 0xb7, 0x0,
    0x0, 0xaf, 0xee, 0xef, 0xfe, 0xee, 0xf7, 0x0,
    0x0, 0xa8, 0x0, 0xe, 0x40, 0x0, 0xb7, 0x0,
    0x0, 0xa9, 0x33, 0x3f, 0x73, 0x33, 0xc7, 0x0,
    0x0, 0x8c, 0xcc, 0xef, 0xfc, 0xcc, 0xc5, 0x0,
    0x0, 0x0, 0x3, 0xe9, 0xe6, 0x0, 0x0, 0x0,
    0x0, 0x0, 0x8f, 0x70, 0x2e, 0xa1, 0x0, 0x0,
    0x0, 0x6e, 0xd6, 0x0, 0x1, 0xcf, 0x92, 0x0,
    0x2f, 0xe7, 0x1f, 0x10, 0x1, 0xf5, 0xbf, 0xc0,
    0x5, 0x0, 0x3f, 0x0, 0x1, 0xf1, 0x2, 0x50,
    0x0, 0x0, 0x9a, 0x0, 0x1, 0xf1, 0x0, 0x0,
    0x0, 0x9, 0xe2, 0x0, 0x1, 0xf1, 0x0, 0x0,
    0x0, 0xdd, 0x20, 0x0, 0x1, 0xf1, 0x0, 0x0,
    0x0, 0x20, 0x0, 0x0, 0x0, 0x0, 0x0, 0x0,

    /* U+75C5 "病" */
    0x0, 0x0, 0x0, 0x0, 0x0, 0x0, 0x0, 0x0,
    0x0, 0x0, 0x0, 0x0, 0xd3, 0x0, 0x0, 0x0,
    0x0, 0x1, 0x22, 0x22, 0xbb, 0x22, 0x22, 0x20,
    0x2, 0xe, 0xee, 0xee, 0xff, 0xee, 0xee, 0xe0,
    0x3e, 0xe, 0x20, 0x0, 0x0, 0x0, 0x0, 0x0,
    0xd, 0x4e, 0x7f, 0xff, 0xff, 0xff, 0xff, 0x90,
    0x7, 0xae, 0x20, 0x0, 0xe, 0x10, 0x0, 0x0,
    0x2, 0x6e, 0x20, 0x0, 0xf, 0x20, 0x0, 0x0,
    0x0, 0x6f, 0x1e, 0xee, 0xef, 0xfe, 0xef, 0x20,
    0x3e, 0xdf, 0xe, 0x20, 0x2f, 0x10, 0xe, 0x20,
    0x4, 0x2e, 0xe, 0x20, 0xae, 0xd2, 0xe, 0x20,
    0x0, 0x5b, 0xe, 0x2a, 0xc0, 0x4e, 0x3e, 0x20,
    0x0, 0xc5, 0xe, 0xcb, 0x10, 0x3, 0xae, 0x20,
    0x4, 0xe0, 0xe, 0x20, 0x0, 0x12, 0x2f, 0x10,
    0xe, 0x50, 0xe, 0x20, 0x0, 0x4f, 0xea, 0x0,
    0x3, 0x0, 0x0, 0x0, 0x0, 0x0, 0x0, 0x0,

    /* U+76CA "益" */
    0x0, 0x0, 0x0, 0x0, 0x0, 0x0, 0x0, 0x0,
    0x0, 0x2e, 0x10, 0x0, 0x4, 0xd0, 0x0, 0x0,
    0x0, 0xab, 0x0, 0x1, 0xe6, 0x0, 0x0, 0x1,
    0x12, 0xc1, 0x11, 0xcb, 0x11, 0x10, 0xe, 0xff,
    0xff, 0xff, 0xff, 0xff, 0xff, 0x60, 0x0, 0x0,
    0x52, 0x0, 0x61, 0x0, 0x0, 0x0, 0x0, 0x8f,
    0x40, 0xa, 0xf7, 0x0, 0x0, 0x3, 0xcc, 0x20,
    0x0, 0x3, 0xdd, 0x30, 0xa, 0xf7, 0x0, 0x0,
    0x0, 0x0, 0x7f, 0x70, 0x76, 0xff, 0xff, 0xff,
    0xff, 0xfd, 0x33, 0x0, 0x4c, 0x4, 0xc0, 0x4d,
    0x4, 0xd0, 0x0, 0x4, 0xc0, 0x4c, 0x4, 0xd0,
    0x4d, 0x0, 0x0, 0x4c, 0x4, 0xc0, 0x4d, 0x4,
    0xd0, 0x0, 0x4, 0xc0, 0x4c, 0x4, 0xd0, 0x4d,
    0x0, 0x2f, 0xff, 0xff, 0xff, 0xff, 0xff, 0xff,
    0xe0, 0x0, 0x0, 0x0, 0x0, 0x0, 0x0, 0x0,

    /* U+76D1 "监" */
    0x0, 0x0, 0x0, 0x0, 0x0, 0x0, 0x0, 0x0,
    0x4, 0x0, 0xd3, 0x0, 0xd5, 0x0, 0x0, 0x0,
    0xe2, 0xe, 0x30, 0x2f, 0x10, 0x0, 0x0, 0xe,
    0x20, 0xe3, 0x9, 0xff, 0xff, 0xfc, 0x0, 0xe2,
    0xe, 0x30, 0xf6, 0x21, 0x11, 0x10, 0xe, 0x20,
    0xe3, 0x6d, 0xe, 0x60, 0x0, 0x0, 0xe2, 0xe,
    0x4e, 0x60, 0x3e, 0x60, 0x0, 0xe, 0x20, 0xe7,
    0xc0, 0x0, 0x3f, 0x50, 0x0, 0x51, 0xb, 0x20,
    0x0, 0x0, 0x31, 0x0, 0x4, 0x77, 0x77, 0x77,
    0x77, 0x77, 0x10, 0x0, 0x9c, 0x9f, 0xf9, 0xaf,
    0x99, 0xf2, 0x0, 0x9, 0x70, 0x79, 0x1, 0xe0,
    0xe, 0x20, 0x0, 0x97, 0x7, 0x90, 0x1e, 0x0,
    0xe2, 0x0, 0x9, 0x70, 0x79, 0x1, 0xe0, 0xe,
    0x20, 0x5f, 0xff, 0xff, 0xff, 0xff, 0xff, 0xff,
    0xf0,

    /* U+786E "确" */
    0x0, 0x0, 0x0, 0x0, 0x4, 0x0, 0x0, 0x0,
    0x11, 0x11, 0x10, 0x7, 0xc0, 0x0, 0x0, 0xf,
    0xff, 0xff, 0x31, 0xff, 0xee, 0xe3, 0x0, 0x2,
    0xf0, 0x0, 0xbb, 0x22, 0x9d, 0x0, 0x0, 0x6b,
    0x0, 0x8f, 0x21, 0x5f, 0x31, 0x0, 0xb, 0x60,
    0x3f, 0xff, 0xff, 0xff, 0xf5, 0x1, 0xf7, 0x53,
    0x5e, 0x0, 0xf1, 0xb, 0x50, 0x8f, 0xce, 0x82,
    0xe0, 0xf, 0x10, 0xb5, 0xe, 0xf0, 0x78, 0x2f,
    0xff, 0xff, 0xff, 0x56, 0xcf, 0x7, 0x82, 0xe1,
    0x1f, 0x31, 0xc5, 0x1, 0xf0, 0x78, 0x2e, 0x11,
    0xf2, 0x1b, 0x50, 0xf, 0x7, 0x83, 0xff, 0xff,
    0xff, 0xf5, 0x0, 0xf0, 0x78, 0x5b, 0x0, 0xf1,
    0xb, 0x50, 0xf, 0xff, 0x8a, 0x80, 0xf, 0x10,
    0xb5, 0x0, 0x11, 0x12, 0xf2, 0x0, 0xf2, 0x2c,
    0x40, 0x0, 0x0, 0x8b, 0x0, 0x0, 0x4f, 0xd1,
    0x0, 0x0, 0x0, 0x10, 0x0, 0x0, 0x0, 0x0,

    /* U+793A "示" */
    0x0, 0xef, 0xff, 0xff, 0xff, 0xff, 0xf6, 0x0,
    0x0, 0x23, 0x33, 0x33, 0x33, 0x33, 0x31, 0x0,
    0x0, 0x0, 0x0, 0x0, 0x0, 0x0, 0x0, 0x0,
    0x0, 0x0, 0x0, 0x0, 0x0, 0x0, 0x0, 0x0,
    0x19, 0x99, 0x99, 0x99, 0x99, 0x99, 0x99, 0x80,
    0x19, 0x99, 0x99, 0x9f, 0xf9, 0x99, 0x99, 0x80,
    0x0, 0x0, 0x10, 0xb, 0x70, 0x0, 0x0, 0x0,
    0x0, 0x5, 0xe0, 0xb, 0x70, 0x3e, 0x10, 0x0,
    0x0, 0xd, 0x70, 0xb, 0x70, 0xc, 0xb0, 0x0,
    0x0, 0x7e, 0x0, 0xb, 0x70, 0x2, 0xf5, 0x0,
    0x2, 0xf5, 0x0, 0xb, 0x70, 0x0, 0x8e, 0x10,
    0xd, 0xb0, 0x0, 0xb, 0x70, 0x0, 0xe, 0x90,
    0x2b, 0x10, 0x14, 0x4e, 0x60, 0x0, 0x5, 0x70,
    0x0, 0x0, 0x3f, 0xeb, 0x10, 0x0, 0x0, 0x0,
    0x0, 0x0, 0x0, 0x0, 0x0, 0x0, 0x0, 0x0,

    /* U+79FB "移" */
    0x0, 0x0, 0x1, 0x0, 0x6, 0x50, 0x0, 0x0,
    0x46, 0xbe, 0xf0, 0x3, 0xf6, 0x33, 0x31, 0xc,
    0xaf, 0x50, 0x3, 0xff, 0xbb, 0xcf, 0x50, 0x0,
    0xe1, 0x4, 0xfe, 0x0, 0xa, 0xa0, 0x2, 0x2f,
    0x42, 0xa5, 0xc7, 0x1b, 0xb0, 0x2, 0xde, 0xff,
    0xd1, 0x0, 0x6e, 0x70, 0x0, 0x0, 0x4f, 0x30,
    0x17, 0xdc, 0xd1, 0x0, 0x0, 0xa, 0xff, 0x1d,
    0xa3, 0xbe, 0x44, 0x42, 0x1, 0xef, 0x9c, 0x0,
    0x8f, 0xdc, 0xce, 0xa0, 0x97, 0xe1, 0xa2, 0xcf,
    0x10, 0x2, 0xe3, 0x2e, 0x1e, 0x11, 0xbc, 0xca,
    0x1, 0xd6, 0x4, 0x70, 0xe1, 0x38, 0x0, 0x83,
    0xe7, 0x0, 0x0, 0xe, 0x10, 0x0, 0x18, 0xe5,
    0x0, 0x0, 0x0, 0xe1, 0x3, 0x9e, 0x91, 0x0,
    0x0, 0x0, 0xe, 0x19, 0xe8, 0x10, 0x0, 0x0,
    0x0, 0x0, 0x0, 0x0, 0x0, 0x0, 0x0, 0x0,

    /* U+7A7A "空" */
    0x0, 0x0, 0x0, 0x7a, 0x0, 0x0, 0x0, 0x0,
    0x22, 0x22, 0x25, 0xf3, 0x22, 0x22, 0x0, 0x4f,
    0xff, 0xff, 0xff, 0xff, 0xff, 0xf4, 0x4, 0xe0,
    0x0, 0x0, 0x0, 0x0, 0xe, 0x40, 0x4e, 0x0,
    0x2a, 0x0, 0x59, 0x20, 0xe4, 0x0, 0x0, 0x7f,
    0xa0, 0x2, 0xbf, 0x91, 0x0, 0x5, 0xde, 0x40,
    0x0, 0x0, 0x4e, 0xe5, 0xa, 0xf7, 0x0, 0x0,
    0x0, 0x0, 0x9, 0xe1, 0x21, 0x68, 0x88, 0x89,
    0x88, 0x88, 0x31, 0x0, 0x7, 0x99, 0x9d, 0xf9,
    0x99, 0x93, 0x0, 0x0, 0x0, 0x0, 0x4e, 0x0,
    0x0, 0x0, 0x0, 0x0, 0x0, 0x4, 0xe0, 0x0,
    0x0, 0x0, 0x0, 0x0, 0x0, 0x4e, 0x0, 0x0,
    0x0, 0x5, 0xff, 0xff, 0xff, 0xff, 0xff, 0xff,
    0xf0,

    /* U+7AE5 "童" */
    0x0, 0x0, 0x0, 0xa, 0x60, 0x0, 0x0, 0x0,
    0x3, 0xaa, 0xaa, 0xaf, 0xfa, 0xaa, 0xaa, 0x10,
    0x1, 0x44, 0x9a, 0x44, 0x44, 0xc7, 0x44, 0x0,
    0x0, 0x0, 0x3f, 0x0, 0x3, 0xf2, 0x0, 0x0,
    0x3e, 0xee, 0xef, 0xee, 0xef, 0xfe, 0xee, 0xe0,
    0x0, 0x25, 0x55, 0x55, 0x55, 0x55, 0x51, 0x0,
    0x0, 0x6d, 0x88, 0x8f, 0xe8, 0x88, 0xe4, 0x0,
    0x0, 0x6d, 0x33, 0x3d, 0xa3, 0x33, 0xf4, 0x0,
    0x0, 0x6f, 0xaa, 0xaf, 0xfa, 0xaa, 0xf4, 0x0,
    0x0, 0x6c, 0x66, 0x6f, 0xd6, 0x66, 0xe4, 0x0,
    0x0, 0x25, 0x55, 0x5f, 0xc5, 0x55, 0x51, 0x0,
    0x0, 0xbb, 0xbb, 0xbf, 0xfb, 0xbb, 0xb9, 0x0,
    0x0, 0x22, 0x22, 0x2d, 0xa2, 0x22, 0x22, 0x0,
    0x8, 0x88, 0x88, 0x8f, 0xf8, 0x88, 0x88, 0x70,

    /* U+7C7B "类" */
    0x0, 0x22, 0x0, 0xa, 0x20, 0x0, 0x30, 0x0,
    0x6, 0xe3, 0x0, 0xe3, 0x0, 0x9d, 0x0, 0x0,
    0x5, 0xe3, 0xe, 0x30, 0xac, 0x10, 0x0, 0x23,
    0x37, 0x53, 0xf6, 0x3a, 0x33, 0x30, 0xb, 0xdd,
    0xdf, 0xff, 0xfd, 0xdd, 0xdd, 0x30, 0x0, 0x4,
    0xe7, 0xff, 0x82, 0x0, 0x0, 0x0, 0x2a, 0xe5,
    0xe, 0x68, 0xdb, 0x40, 0x2, 0xce, 0x81, 0x0,
    0xc3, 0x0, 0x4a, 0xd2, 0x5, 0x0, 0x0, 0xe,
    0x30, 0x0, 0x1, 0x0, 0xcf, 0xff, 0xff, 0xff,
    0xff, 0xff, 0xf3, 0x1, 0x11, 0x11, 0x6f, 0xe1,
    0x11, 0x11, 0x0, 0x0, 0x0, 0x3e, 0x6c, 0xb0,
    0x0, 0x0, 0x0, 0x3, 0xaf, 0x60, 0x1b, 0xe6,
    0x0, 0x3, 0xae, 0xe9, 0x10, 0x0, 0x5, 0xdf,
    0xb6, 0x29, 0x40, 0x0, 0x0, 0x0, 0x0, 0x48,
    0x70,

    /* U+7EA7 "级" */
    0x0, 0x0, 0x0, 0x0, 0x0, 0x0, 0x0, 0x0,
    0x0, 0xb, 0x30, 0x11, 0x11, 0x11, 0x10, 0x0,
    0x0, 0x4d, 0x0, 0xff, 0xff, 0xff, 0xf2, 0x0,
    0x0, 0xd4, 0x2, 0xb, 0x50, 0x2, 0xe0, 0x0,
    0x7, 0xa0, 0x6b, 0xf, 0x80, 0x8, 0x90, 0x0,
    0x5f, 0x89, 0xf3, 0xf, 0xb0, 0xe, 0x20, 0x0,
    0x5a, 0x9f, 0xa0, 0xf, 0xf0, 0x3f, 0xff, 0x0,
    0x0, 0x4d, 0x0, 0xe, 0xf1, 0x1, 0x4d, 0x0,
    0x1, 0xe3, 0x0, 0xf, 0xa7, 0x0, 0x97, 0x0,
    0x1c, 0xc9, 0xb9, 0x3d, 0x3e, 0x1, 0xf1, 0x0,
    0x2b, 0x97, 0x41, 0x7a, 0xb, 0x8b, 0x80, 0x0,
    0x0, 0x0, 0x0, 0xc5, 0x2, 0xff, 0x0, 0x0,
    0x0, 0x26, 0xb6, 0xe0, 0x6, 0xff, 0x40, 0x0,
    0x7f, 0xfb, 0x7c, 0x80, 0x9e, 0x35, 0xf7, 0x0,
    0x22, 0x0, 0x5e, 0x5d, 0xc1, 0x0, 0x3e, 0xc0,
    0x0, 0x0, 0x13, 0x67, 0x0, 0x0, 0x1, 0x70,

    /* U+7ED3 "结" */
    0x0, 0x0, 0x0, 0x0, 0x0, 0x20, 0x0, 0x0,
    0x0, 0x89, 0x0, 0x0, 0x3e, 0x0, 0x0, 0x0,
    0xe, 0x30, 0x0, 0x3, 0xe0, 0x0, 0x0, 0x7,
    0xb0, 0xb, 0xff, 0xff, 0xff, 0xfe, 0x1, 0xe2,
    0x1a, 0x22, 0x25, 0xf2, 0x22, 0x20, 0xa9, 0x2c,
    0xb0, 0x0, 0x3e, 0x0, 0x0, 0x3f, 0xff, 0xf2,
    0x0, 0x3, 0xf0, 0x0, 0x0, 0x21, 0xc8, 0x8,
    0xff, 0xff, 0xff, 0xf5, 0x0, 0x7d, 0x0, 0x1,
    0x11, 0x11, 0x11, 0x0, 0x5f, 0x88, 0xb2, 0xcc,
    0xcc, 0xcc, 0xb0, 0xb, 0xdb, 0x96, 0x3f, 0x55,
    0x55, 0x7e, 0x0, 0x0, 0x0, 0x3, 0xf0, 0x0,
    0x3, 0xe0, 0x0, 0x0, 0x14, 0x5f, 0x0, 0x0,
    0x3e, 0x2, 0x9b, 0xef, 0xd6, 0xf1, 0x11, 0x14,
    0xe0, 0x18, 0x53, 0x0, 0x3f, 0xff, 0xff, 0xfe,
    0x0,

    /* U+7EEA "绪" */
    0x0, 0x6, 0x60, 0x0, 0x1d, 0x0, 0x0, 0x0,
    0x0, 0xe, 0x30, 0x1, 0x2f, 0x11, 0x8, 0x80,
    0x0, 0x7b, 0x3, 0x4f, 0xff, 0xff, 0x9f, 0x30,
    0x1, 0xe2, 0x1f, 0x30, 0x1f, 0x0, 0xc8, 0x0,
    0xb, 0x94, 0xcb, 0x11, 0x2f, 0x1c, 0xc1, 0x10,
    0x2e, 0xdf, 0xf4, 0xff, 0xff, 0xff, 0xff, 0xf1,
    0x0, 0xc, 0x80, 0x0, 0x1c, 0xb0, 0x0, 0x0,
    0x0, 0x6e, 0x0, 0x6, 0xfa, 0x33, 0x33, 0x0,
    0x3, 0xf6, 0x46, 0xdf, 0xfd, 0xdd, 0xdf, 0x10,
    0xc, 0xec, 0x94, 0x6b, 0x60, 0x0, 0xf, 0x10,
    0x0, 0x0, 0x0, 0xa, 0xfc, 0xcc, 0xcf, 0x10,
    0x0, 0x3, 0x6a, 0x2a, 0xa3, 0x33, 0x4f, 0x10,
    0x4d, 0xfd, 0xa7, 0x1a, 0x60, 0x0, 0xf, 0x10,
    0x13, 0x10, 0x0, 0xa, 0xff, 0xff, 0xff, 0x10,

    /* U+7EED "续" */
    0x0, 0x6, 0x20, 0x0, 0x5, 0x90, 0x0, 0x0,
    0x1, 0xe1, 0x2, 0x44, 0xaf, 0x44, 0x41, 0x0,
    0x89, 0x0, 0x7b, 0xbf, 0xfb, 0xbb, 0x30, 0x1e,
    0x12, 0xa0, 0x0, 0x6b, 0x0, 0x0, 0xa, 0x82,
    0xb9, 0xee, 0xef, 0xfe, 0xee, 0x83, 0xfe, 0xff,
    0x0, 0x70, 0x5, 0x40, 0xb5, 0x0, 0xc, 0x50,
    0x8, 0xd5, 0x97, 0x2d, 0x0, 0x7, 0xb0, 0x8,
    0x41, 0x59, 0x60, 0x10, 0x3, 0xe5, 0x64, 0x3c,
    0xa0, 0xa6, 0x0, 0x0, 0xdf, 0xda, 0x41, 0x17,
    0x1d, 0x51, 0x11, 0x1, 0x0, 0x7, 0xff, 0xff,
    0xff, 0xff, 0xf0, 0x0, 0x1, 0x40, 0x0, 0x8f,
    0x40, 0x0, 0x29, 0xce, 0xfc, 0x1, 0x9e, 0x7d,
    0xb2, 0x2, 0x74, 0x20, 0x5a, 0xfa, 0x10, 0x7,
    0xf7, 0x0, 0x0, 0xa, 0x82, 0x0, 0x0, 0x2,
    0x40,

    /* U+7F16 "编" */
    0x0, 0x7, 0x0, 0x0, 0xa, 0x30, 0x0, 0x0,
    0x5, 0xc0, 0x2, 0x22, 0xab, 0x22, 0x20, 0x0,
    0xd4, 0x1, 0xfc, 0xcc, 0xcc, 0xcf, 0x10, 0x5b,
    0x9, 0x8e, 0x0, 0x0, 0x0, 0xe1, 0x1e, 0x8a,
    0xf2, 0xfe, 0xee, 0xee, 0xef, 0x13, 0xba, 0xf8,
    0x1e, 0x0, 0x0, 0x0, 0x0, 0x0, 0x3e, 0x1,
    0xd3, 0x33, 0x33, 0x33, 0x10, 0xc, 0x50, 0x2e,
    0xfb, 0xfb, 0xfb, 0xe5, 0x8, 0xe9, 0xc5, 0xde,
    0xd, 0xe, 0xa, 0x50, 0xaa, 0x85, 0x5b, 0xe0,
    0xd0, 0xe0, 0xa5, 0x0, 0x0, 0x7, 0x9f, 0xef,
    0xef, 0xef, 0x50, 0x37, 0xbe, 0xb5, 0xe0, 0xd0,
    0xe0, 0xa5, 0x2d, 0xa6, 0x3e, 0x1e, 0xd, 0xe,
    0xa, 0x50, 0x0, 0x8, 0x91, 0xe0, 0xa0, 0xb7,
    0xe4, 0x0, 0x0, 0x52, 0x1e, 0x0, 0x0, 0xad,
    0x10, 0x0, 0x0, 0x0, 0x0, 0x0, 0x0, 0x0,

    /* U+7F6E "置" */
    0x0, 0x44, 0x44, 0x44, 0x44, 0x44, 0x43, 0x0,
    0x1f, 0x88, 0xaf, 0x88, 0xf9, 0x8b, 0xc0, 0x1,
    0xf0, 0x2, 0xe0, 0xe, 0x10, 0x5c, 0x0, 0xc,
    0xcc, 0xdf, 0xcc, 0xfc, 0xcc, 0xa0, 0x1, 0x33,
    0x33, 0x3a, 0x93, 0x33, 0x33, 0x10, 0x6a, 0xaa,
    0xaa, 0xff, 0xaa, 0xaa, 0xa4, 0x0, 0x8, 0x88,
    0x8f, 0xe8, 0x88, 0x50, 0x0, 0x0, 0xf6, 0x44,
    0x44, 0x44, 0x9a, 0x0, 0x0, 0xf, 0xec, 0xcc,
    0xcc, 0xcf, 0xa0, 0x0, 0x0, 0xf2, 0x0, 0x0,
    0x0, 0x6a, 0x0, 0x0, 0xf, 0xfc, 0xcc, 0xcc,
    0xcf, 0xa0, 0x0, 0x0, 0xf7, 0x55, 0x55, 0x55,
    0xba, 0x0, 0x0, 0xf, 0x86, 0x66, 0x66, 0x6d,
    0xa0, 0x2, 0xcc, 0xfd, 0xcc, 0xcc, 0xcc, 0xff,
    0xca,

    /* U+8054 "联" */
    0x0, 0x0, 0x0, 0x0, 0x0, 0x0, 0x0, 0x0,
    0x1, 0x11, 0x11, 0x16, 0xb0, 0x0, 0x88, 0x0,
    0x5f, 0xff, 0xff, 0xf1, 0xd5, 0x2, 0xf2, 0x0,
    0x7, 0x80, 0xf, 0x0, 0x59, 0xb, 0x70, 0x0,
    0x7, 0x80, 0xf, 0x2d, 0xdd, 0xff, 0xdd, 0x60,
    0x7, 0xfe, 0xef, 0x1, 0x12, 0xf2, 0x11, 0x0,
    0x7, 0xa2, 0x2f, 0x0, 0x1, 0xf0, 0x0, 0x0,
    0x7, 0x80, 0xf, 0x0, 0x1, 0xf0, 0x0, 0x0,
    0x7, 0xb3, 0x3f, 0x6b, 0xbd, 0xfb, 0xbb, 0x90,
    0x7, 0xfd, 0xdf, 0x59, 0x9c, 0xf9, 0x99, 0x70,
    0x7, 0x80, 0xf, 0x0, 0x6, 0xf4, 0x0, 0x0,
    0x7, 0x80, 0xf, 0x40, 0xb, 0xdb, 0x0, 0x0,
    0x3e, 0xfb, 0xef, 0xd1, 0x4f, 0x2e, 0x40, 0x0,
    0x5a, 0x86, 0x3f, 0x2, 0xe6, 0x5, 0xf3, 0x0,
    0x0, 0x0, 0xf, 0x4e, 0x90, 0x0, 0x7f, 0x70,
    0x0, 0x0, 0xf, 0x98, 0x0, 0x0, 0x5, 0x90,
    0x0, 0x0, 0x0, 0x0, 0x0, 0x0, 0x0, 0x0,

    /* U+8109 "脉" */
    0x0, 0x0, 0x0, 0x0, 0x0, 0x0, 0x0, 0x0,
    0x0, 0x0, 0x0, 0x0, 0x8e, 0x50, 0x0, 0x0,
    0x7, 0xff, 0xf6, 0x0, 0x5, 0xdc, 0x30, 0x0,
    0x7, 0x91, 0x97, 0x0, 0x0, 0x7, 0x50, 0x0,
    0x7, 0x80, 0x87, 0x7f, 0xff, 0xe0, 0x0, 0x0,
    0x7, 0xc3, 0xc7, 0x1, 0x13, 0xf0, 0x8, 0xa0,
    0x7, 0xfc, 0xf7, 0x0, 0x2, 0xf2, 0x6f, 0x20,
    0x7, 0x80, 0x87, 0xff, 0xe2, 0xfc, 0xf4, 0x0,
    0x7, 0x80, 0x87, 0x14, 0xd2, 0xff, 0x40, 0x0,
    0x7, 0xd4, 0xd7, 0x7, 0xa2, 0xec, 0x40, 0x0,
    0x8, 0xfc, 0xf7, 0xc, 0x62, 0xe5, 0xc0, 0x0,
    0x8, 0x70, 0x87, 0x2f, 0x12, 0xe0, 0xd7, 0x0,
    0xa, 0x60, 0x87, 0x9a, 0x2, 0xe0, 0x4f, 0x30,
    0xc, 0x40, 0x89, 0xf3, 0x2, 0xe0, 0x9, 0xe2,
    0x1f, 0x12, 0xac, 0x90, 0x26, 0xe0, 0x0, 0x81,
    0x5c, 0x1f, 0xd2, 0x4, 0xfe, 0x60, 0x0, 0x0,
    0x1, 0x0, 0x0, 0x0, 0x0, 0x0, 0x0, 0x0,

    /* U+81EA "自" */
    0x0, 0x0, 0x2, 0x0, 0x0, 0x0, 0x0, 0x0,
    0x3f, 0x20, 0x0, 0x0, 0x1, 0x11, 0x9d, 0x11,
    0x11, 0x10, 0x8f, 0xff, 0xff, 0xff, 0xff, 0xf5,
    0x89, 0x0, 0x0, 0x0, 0x0, 0xd5, 0x89, 0x0,
    0x0, 0x0, 0x0, 0xd5, 0x8b, 0x22, 0x22, 0x22,
    0x22, 0xe5, 0x8f, 0xff, 0xff, 0xff, 0xff, 0xf5,
    0x89, 0x0, 0x0, 0x0, 0x0, 0xd5, 0x89, 0x0,
    0x0, 0x0, 0x0, 0xd5, 0x8f, 0xff, 0xff, 0xff,
    0xff, 0xf5, 0x8b, 0x22, 0x22, 0x22, 0x22, 0xe5,
    0x89, 0x0, 0x0, 0x0, 0x0, 0xd5, 0x8a, 0x11,
    0x11, 0x11, 0x11, 0xd5, 0x8f, 0xff, 0xff, 0xff,
    0xff, 0xf5,

    /* U+83DC "菜" */
    0x0, 0x0, 0x4, 0x0, 0x0, 0x30, 0x0, 0x0,
    0x0, 0x0, 0x1f, 0x0, 0x3, 0xe0, 0x0, 0x0,
    0xf, 0xff, 0xff, 0xff, 0xff, 0xff, 0xff, 0xd0,
    0x1, 0x11, 0x3f, 0x11, 0x14, 0xf1, 0x11, 0x10,
    0x0, 0x0, 0x3, 0x1, 0x23, 0x56, 0x99, 0x0,
    0x4, 0xff, 0xff, 0xff, 0xec, 0xba, 0x96, 0x0,
    0x0, 0x38, 0x0, 0x2c, 0x0, 0x0, 0xb3, 0x0,
    0x0, 0x1e, 0x60, 0xc, 0xa0, 0x9, 0xd0, 0x0,
    0x0, 0x3, 0xf1, 0x5, 0x90, 0x6e, 0x20, 0x0,
    0x0, 0x11, 0x21, 0x1f, 0x41, 0x24, 0x11, 0x0,
    0xd, 0xff, 0xff, 0xff, 0xff, 0xff, 0xff, 0xa0,
    0x0, 0x0, 0x8, 0xbe, 0x9d, 0x10, 0x0, 0x0,
    0x0, 0x1, 0xac, 0x1e, 0x37, 0xe5, 0x0, 0x0,
    0x1, 0x7e, 0xa0, 0xe, 0x30, 0x4e, 0xc5, 0x0,
    0x3f, 0xd4, 0x0, 0xe, 0x30, 0x0, 0x7e, 0xe0,
    0x4, 0x0, 0x0, 0xe, 0x30, 0x0, 0x0, 0x30,

    /* U+8840 "血" */
    0x0, 0x0, 0x0, 0x0, 0x0, 0x0, 0x0, 0x0,
    0x0, 0x0, 0x0, 0xc5, 0x0, 0x0, 0x0, 0x0,
    0x0, 0x0, 0x2f, 0x10, 0x0, 0x0, 0x0, 0x9,
    0x99, 0x9f, 0xf9, 0x99, 0x99, 0x20, 0x0, 0xf8,
    0x7b, 0xf7, 0x9f, 0x77, 0xe4, 0x0, 0xf, 0x30,
    0x4e, 0x2, 0xf0, 0xd, 0x40, 0x0, 0xf3, 0x4,
    0xe0, 0x2f, 0x0, 0xd4, 0x0, 0xf, 0x30, 0x4e,
    0x2, 0xf0, 0xd, 0x40, 0x0, 0xf3, 0x4, 0xe0,
    0x2f, 0x0, 0xd4, 0x0, 0xf, 0x30, 0x4e, 0x2,
    0xf0, 0xd, 0x40, 0x0, 0xf3, 0x4, 0xe0, 0x2f,
    0x0, 0xd4, 0x0, 0xf, 0x30, 0x4e, 0x2, 0xf0,
    0xd, 0x40, 0x0, 0xf3, 0x4, 0xe0, 0x2f, 0x0,
    0xd4, 0x0, 0xf, 0x30, 0x4e, 0x2, 0xf0, 0xd,
    0x40, 0x7f, 0xff, 0xff, 0xff, 0xff, 0xff, 0xff,
    0xc0, 0x0, 0x0, 0x0, 0x0, 0x0, 0x0, 0x0,

    /* U+884C "行" */
    0x0, 0x0, 0x94, 0x0, 0x0, 0x0, 0x0, 0x0,
    0x0, 0x8, 0xd1, 0x2f, 0xff, 0xff, 0xff, 0x50,
    0x0, 0x8e, 0x20, 0x0, 0x0, 0x0, 0x0, 0x0,
    0x9, 0xe2, 0x0, 0x0, 0x0, 0x0, 0x0, 0x0,
    0xa, 0x10, 0x84, 0x0, 0x0, 0x0, 0x0, 0x0,
    0x0, 0x5, 0xe2, 0x55, 0x55, 0x55, 0x55, 0x50,
    0x0, 0x3f, 0x51, 0xcc, 0xcc, 0xcf, 0xfc, 0xc0,
    0x2, 0xff, 0x0, 0x0, 0x0, 0xc, 0x60, 0x0,
    0x1d, 0xaf, 0x0, 0x0, 0x0, 0xc, 0x60, 0x0,
    0x28, 0x1f, 0x0, 0x0, 0x0, 0xc, 0x60, 0x0,
    0x0, 0x1f, 0x0, 0x0, 0x0, 0xc, 0x60, 0x0,
    0x0, 0x1f, 0x0, 0x0, 0x0, 0xc, 0x60, 0x0,
    0x0, 0x1f, 0x0, 0x0, 0x23, 0x4e, 0x50, 0x0,
    0x0, 0x1f, 0x0, 0x0, 0x9f, 0xeb, 0x10, 0x0,
    0x0, 0x1f, 0x0, 0x0, 0x0, 0x0, 0x0, 0x0,

    /* U+8896 "袖" */
    0x0, 0x0, 0x0, 0x0, 0x0, 0x0, 0x0, 0x0,
    0x4, 0xa0, 0x0, 0x0, 0x1b, 0x0, 0x0, 0x0,
    0x1f, 0x20, 0x0, 0x2, 0xe0, 0x0, 0x0, 0x12,
    0x95, 0x0, 0x11, 0x3f, 0x11, 0x10, 0xc, 0xff,
    0xf4, 0x9f, 0xff, 0xff, 0xff, 0x50, 0x0, 0x3e,
    0x9, 0x80, 0x2e, 0x0, 0xc5, 0x0, 0xc, 0x70,
    0x98, 0x2, 0xe0, 0xc, 0x50, 0x6, 0xf1, 0xba,
    0x80, 0x2e, 0x0, 0xc5, 0x2, 0xff, 0x99, 0x99,
    0x13, 0xf1, 0x1d, 0x51, 0xda, 0xff, 0x9, 0xff,
    0xff, 0xff, 0xf5, 0x5a, 0x2f, 0xab, 0x98, 0x2,
    0xe0, 0xc, 0x50, 0x2, 0xe0, 0x89, 0x80, 0x2e,
    0x0, 0xc5, 0x0, 0x2e, 0x0, 0x98, 0x2, 0xe0,
    0xc, 0x50, 0x2, 0xe0, 0x9, 0x80, 0x2e, 0x0,
    0xc5, 0x0, 0x2e, 0x0, 0x9f, 0xff, 0xff, 0xff,
    0x50, 0x2, 0xe0, 0x0, 0x0, 0x0, 0x0, 0x0,

    /* U+89C4 "规" */
    0x0, 0xc, 0x10, 0x0, 0x0, 0x0, 0x0, 0x0,
    0x0, 0xf2, 0x1, 0xff, 0xff, 0xff, 0xe0, 0x2,
    0x2f, 0x42, 0x1f, 0x11, 0x11, 0x3e, 0x0, 0xff,
    0xff, 0xf3, 0xf0, 0x1e, 0x2, 0xe0, 0x0, 0xf,
    0x20, 0x1f, 0x2, 0xf0, 0x2e, 0x0, 0x0, 0xf2,
    0x1, 0xf0, 0x2e, 0x2, 0xe0, 0x15, 0x5f, 0x75,
    0x3f, 0x2, 0xe0, 0x2e, 0x3, 0xdd, 0xfe, 0xd6,
    0xf0, 0x4d, 0x2, 0xe0, 0x0, 0x1f, 0x10, 0x1f,
    0x6, 0xc1, 0x2e, 0x0, 0x4, 0xfb, 0x0, 0xe0,
    0xbf, 0x61, 0xd0, 0x0, 0x8b, 0xd7, 0x0, 0x3f,
    0xc6, 0x0, 0x40, 0xe, 0x43, 0xf3, 0x1d, 0x7a,
    0x60, 0xe, 0x8, 0xc0, 0x4, 0x2d, 0xa0, 0xa8,
    0x13, 0xd3, 0xf2, 0x0, 0x5f, 0x80, 0x5, 0xff,
    0xf6, 0x2, 0x0, 0x3, 0x40, 0x0, 0x0, 0x0,
    0x0,

    /* U+8B66 "警" */
    0x0, 0x0, 0x0, 0x0, 0x0, 0x0, 0x0, 0x0,
    0x3, 0x3f, 0x44, 0xf3, 0x30, 0xd2, 0x0, 0x0,
    0x8, 0x8f, 0x99, 0xf8, 0x87, 0xfc, 0xcf, 0xb0,
    0x2, 0xf9, 0x55, 0xa5, 0x4f, 0x60, 0x4c, 0x0,
    0x1c, 0xb6, 0x66, 0x6c, 0xb8, 0xc1, 0xc4, 0x0,
    0x58, 0xd9, 0x9a, 0xb, 0x20, 0x9f, 0xc0, 0x0,
    0x1, 0xd6, 0x7b, 0xc, 0x49, 0xee, 0xea, 0x40,
    0x0, 0x44, 0x44, 0xcc, 0x77, 0x10, 0x6, 0x90,
    0x27, 0x77, 0x77, 0x7c, 0xf7, 0x77, 0x77, 0x70,
    0x15, 0x55, 0x55, 0x55, 0x65, 0x55, 0x55, 0x50,
    0x0, 0x3b, 0xbb, 0xbb, 0xbb, 0xbb, 0xb0, 0x0,
    0x0, 0x28, 0x88, 0x88, 0x88, 0x88, 0x80, 0x0,
    0x0, 0x14, 0x44, 0x44, 0x44, 0x44, 0x40, 0x0,
    0x0, 0x8e, 0xbb, 0xbb, 0xbb, 0xbb, 0xf3, 0x0,
    0x0, 0x8e, 0xcc, 0xcc, 0xcc, 0xcc, 0xf3, 0x0,

    /* U+8BA4 "认" */
    0x0, 0x0, 0x0, 0x0, 0x1, 0x0, 0x0, 0x0,
    0x1, 0x90, 0x0, 0x0, 0xc, 0x50, 0x0, 0x0,
    0x0, 0xbc, 0x0, 0x0, 0xf, 0xa0, 0x0, 0x0,
    0x0, 0xc, 0xa0, 0x0, 0xf, 0xa0, 0x0, 0x0,
    0x0, 0x2, 0x90, 0x0, 0xf, 0xa0, 0x0, 0x0,
    0x0, 0x0, 0x0, 0x0, 0xf, 0xa0, 0x0, 0x0,
    0x4f, 0xff, 0x0, 0x0, 0xf, 0xb0, 0x0, 0x0,
    0x3, 0x5f, 0x0, 0x0, 0x3f, 0xe0, 0x0, 0x0,
    0x0, 0x2f, 0x0, 0x0, 0x6a, 0xe2, 0x0, 0x0,
    0x0, 0x2f, 0x0, 0x0, 0xc6, 0x98, 0x0, 0x0,
    0x0, 0x2f, 0x4, 0x3, 0xf1, 0x3e, 0x0, 0x0,
    0x0, 0x2f, 0x3e, 0x2c, 0x90, 0xc, 0x80, 0x0,
    0x0, 0x2f, 0xe4, 0x7e, 0x10, 0x3, 0xf3, 0x0,
    0x0, 0x5f, 0x45, 0xf4, 0x0, 0x0, 0x8e, 0x20,
    0x0, 0x12, 0x4f, 0x60, 0x0, 0x0, 0xb, 0xe0,
    0x0, 0x0, 0x5, 0x0, 0x0, 0x0, 0x0, 0x40,

    /* U+8BBE "设" */
    0x0, 0x72, 0x0, 0x0, 0x11, 0x11, 0x10, 0x0,
    0x0, 0xad, 0x10, 0x8, 0xff, 0xff, 0xd0, 0x0,
    0x0, 0xc, 0xc0, 0x8, 0x90, 0x4, 0xd0, 0x0,
    0x0, 0x2, 0xc1, 0xa, 0x80, 0x4, 0xd0, 0x0,
    0x0, 0x0, 0x0, 0x2f, 0x30, 0x3, 0xf8, 0x80,
    0x39, 0x98, 0x2, 0xe9, 0x0, 0x0, 0x79, 0x90,
    0x39, 0xaf, 0x0, 0x93, 0x33, 0x33, 0x33, 0x0,
    0x0, 0x3f, 0x1, 0xff, 0xdd, 0xdd, 0xed, 0x0,
    0x0, 0x3f, 0x0, 0x1f, 0x30, 0x0, 0xb8, 0x0,
    0x0, 0x3f, 0x0, 0x8, 0xc0, 0x5, 0xe1, 0x0,
    0x0, 0x3f, 0x3, 0x0, 0xc9, 0x3e, 0x40, 0x0,
    0x0, 0x3f, 0x4f, 0x30, 0x1f, 0xf6, 0x0, 0x0,
    0x0, 0x3f, 0xf5, 0x2, 0xbf, 0xfd, 0x40, 0x0,
    0x0, 0x7d, 0x34, 0xbf, 0x91, 0x6, 0xed, 0x60,
    0x0, 0x0, 0xc, 0x92, 0x0, 0x0, 0x6, 0xc0,
    0x0, 0x0, 0x0, 0x0, 0x0, 0x0, 0x0, 0x0,

    /* U+8BCA "诊" */
    0x3, 0x80, 0x0, 0x0, 0x4f, 0x50, 0x0, 0x0,
    0x1, 0xe6, 0x0, 0x1, 0xe9, 0xe1, 0x0, 0x0,
    0x0, 0x4f, 0x20, 0xc, 0xa0, 0xac, 0x0, 0x0,
    0x0, 0x8, 0x31, 0xcb, 0x0, 0xc, 0xc1, 0x0,
    0x0, 0x0, 0x3d, 0xb0, 0x4, 0xa0, 0xcd, 0x30,
    0x9f, 0xf4, 0xb8, 0x0, 0x8e, 0x40, 0x8, 0xc0,
    0x23, 0xd5, 0x0, 0x3c, 0xd2, 0x5, 0x20, 0x0,
    0x0, 0xd5, 0x9, 0xf7, 0x0, 0x7e, 0x30, 0x0,
    0x0, 0xd5, 0x3, 0x10, 0x2c, 0xd2, 0x0, 0x0,
    0x0, 0xd5, 0x0, 0x19, 0xf9, 0x0, 0x4e, 0x10,
    0x0, 0xd5, 0x35, 0xfb, 0x30, 0x7, 0xf6, 0x0,
    0x0, 0xd8, 0xe3, 0x20, 0x3, 0xde, 0x40, 0x0,
    0x0, 0xdf, 0x40, 0x4, 0xbf, 0x90, 0x0, 0x0,
    0x1, 0xc2, 0x29, 0xef, 0x92, 0x0, 0x0, 0x0,
    0x0, 0x0, 0x2b, 0x60, 0x0, 0x0, 0x0, 0x0,

    /* U+8BD5 "试" */
    0x0, 0x0, 0x0, 0x0, 0x0, 0x20, 0x0, 0x0,
    0x54, 0x0, 0x0, 0x0, 0xf, 0x28, 0x0, 0x6,
    0xf3, 0x0, 0x0, 0x0, 0xf1, 0xba, 0x0, 0x8,
    0xe1, 0x0, 0x0, 0xf, 0x10, 0x70, 0x0, 0x8,
    0x4f, 0xff, 0xff, 0xff, 0xff, 0x90, 0x0, 0x0,
    0x22, 0x22, 0x2f, 0x52, 0x21, 0x9e, 0xe3, 0x0,
    0x0, 0x0, 0xd3, 0x0, 0x2, 0x3e, 0x31, 0x77,
    0x77, 0x6c, 0x40, 0x0, 0x0, 0xd3, 0x1a, 0xcf,
    0xa8, 0xa6, 0x0, 0x0, 0xd, 0x30, 0x2, 0xe0,
    0x9, 0x80, 0x0, 0x0, 0xd3, 0x0, 0x2e, 0x0,
    0x7a, 0x0, 0x0, 0xd, 0x38, 0x32, 0xe0, 0x4,
    0xd0, 0x11, 0x0, 0xdc, 0xb1, 0x4f, 0x69, 0x2f,
    0x36, 0xb0, 0x1e, 0x71, 0xdd, 0xf9, 0x71, 0xac,
    0xd6, 0x0, 0x0, 0x0, 0x0, 0x0, 0x1, 0xdd,
    0x0,

    /* U+8C03 "调" */
    0x4, 0x60, 0x1, 0x11, 0x11, 0x11, 0x11, 0x0,
    0x4f, 0x20, 0xdf, 0xff, 0xff, 0xff, 0xf0, 0x0,
    0x9b, 0xd, 0x30, 0x4, 0x20, 0xf, 0x0, 0x0,
    0xa0, 0xd3, 0x0, 0xb6, 0x0, 0xf0, 0x0, 0x0,
    0xd, 0x39, 0xef, 0xfe, 0x6f, 0x7, 0xdd, 0x20,
    0xd3, 0x0, 0xa5, 0x0, 0xf0, 0x1, 0xe2, 0xd,
    0x3a, 0xbf, 0xfb, 0x8f, 0x0, 0xe, 0x20, 0xd3,
    0x34, 0x44, 0x43, 0xf0, 0x0, 0xe2, 0xe, 0x33,
    0xdd, 0xdc, 0xf, 0x0, 0xe, 0x20, 0xe2, 0x4b,
    0x12, 0xe0, 0xf0, 0x0, 0xe5, 0x8f, 0x14, 0xb0,
    0x1e, 0xf, 0x0, 0xe, 0xe8, 0xe0, 0x4b, 0x13,
    0xe0, 0xf0, 0x1, 0xf9, 0x6b, 0x3, 0xdd, 0xdb,
    0xf, 0x0, 0x8, 0xc, 0x70, 0x0, 0x0, 0x23,
    0xf0, 0x0, 0x1, 0xf1, 0x0, 0x0, 0xf, 0xe8,
    0x0, 0x0, 0x0, 0x0, 0x0, 0x0, 0x0, 0x0,

    /* U+8D77 "起" */
    0x0, 0x0, 0xf0, 0x0, 0x0, 0x0, 0x0, 0x0,
    0x0, 0x1, 0xf0, 0x0, 0x7f, 0xff, 0xfe, 0x0,
    0xa, 0xff, 0xff, 0xf6, 0x1, 0x11, 0x3e, 0x0,
    0x0, 0x12, 0xf2, 0x10, 0x0, 0x0, 0x2e, 0x0,
    0x0, 0x1, 0xf0, 0x0, 0x0, 0x0, 0x2e, 0x0,
    0x19, 0x9a, 0xfa, 0x98, 0x3d, 0xdd, 0xde, 0x0,
    0x17, 0x77, 0xfa, 0x75, 0x4d, 0x33, 0x33, 0x0,
    0x2, 0x60, 0xc4, 0x0, 0x4c, 0x0, 0x0, 0x0,
    0x4, 0xc0, 0xc4, 0x0, 0x4c, 0x0, 0x2, 0x20,
    0x5, 0xf0, 0xff, 0xe9, 0x4c, 0x0, 0x8, 0x90,
    0x7, 0xf0, 0xd7, 0x21, 0x4e, 0x22, 0x2c, 0x70,
    0xa, 0xfb, 0xd4, 0x0, 0xc, 0xff, 0xfc, 0x10,
    0xe, 0x4a, 0xfd, 0x53, 0x22, 0x11, 0x22, 0x30,
    0x5e, 0x0, 0x39, 0xce, 0xff, 0xff, 0xff, 0xf1,
    0x24, 0x0, 0x0, 0x0, 0x0, 0x0, 0x0, 0x0,

    /* U+8F91 "辑" */
    0x0, 0xa, 0x10, 0x0, 0x0, 0x0, 0x0, 0x0,
    0x0, 0x3e, 0x0, 0x8, 0xfe, 0xee, 0xee, 0x0,
    0xb, 0xff, 0xbb, 0x68, 0x80, 0x0, 0x2e, 0x0,
    0x0, 0xd5, 0x0, 0x8, 0xfe, 0xee, 0xee, 0x0,
    0x1, 0xf4, 0xa0, 0x0, 0x0, 0x0, 0x0, 0x0,
    0x6, 0xa5, 0xc0, 0x8f, 0xfe, 0xee, 0xff, 0xc0,
    0xc, 0x67, 0xf2, 0x18, 0x70, 0x0, 0x6a, 0x0,
    0xb, 0xcf, 0xfc, 0x68, 0xfc, 0xcc, 0xfa, 0x0,
    0x0, 0x5, 0xc0, 0x8, 0x92, 0x22, 0x9a, 0x0,
    0x0, 0x5, 0xc0, 0x8, 0x92, 0x22, 0x8a, 0x0,
    0x0, 0x19, 0xfa, 0x98, 0xfd, 0xdd, 0xfa, 0x0,
    0x3f, 0xef, 0xf5, 0x28, 0x70, 0x0, 0x8c, 0x30,
    0x0, 0x5, 0xc2, 0xcf, 0xff, 0xff, 0xff, 0xc1,
    0x0, 0x5, 0xc0, 0x21, 0x10, 0x0, 0x6a, 0x0,
    0x0, 0x4, 0xb0, 0x0, 0x0, 0x0, 0x6a, 0x0,

    /* U+8FC7 "过" */
    0x0, 0x0, 0x0, 0x0, 0x0, 0x0, 0x10, 0x0,
    0x0, 0x60, 0x0, 0x0, 0x0, 0x8, 0xa0, 0x0,
    0x1, 0xd9, 0x0, 0x0, 0x0, 0x8, 0xa0, 0x0,
    0x0, 0x3f, 0x51, 0x33, 0x33, 0x39, 0xb3, 0x20,
    0x0, 0x6, 0xb6, 0xff, 0xff, 0xff, 0xff, 0xe0,
    0x0, 0x0, 0x0, 0x0, 0x0, 0x8, 0xa0, 0x0,
    0x15, 0x55, 0x0, 0x88, 0x0, 0x8, 0xa0, 0x0,
    0x3c, 0xdf, 0x0, 0x2e, 0x50, 0x8, 0xa0, 0x0,
    0x0, 0x2f, 0x0, 0x4, 0xf2, 0x8, 0xa0, 0x0,
    0x0, 0x2f, 0x0, 0x0, 0x73, 0x8, 0xa0, 0x0,
    0x0, 0x2f, 0x0, 0x0, 0x0, 0x8, 0xa0, 0x0,
    0x0, 0x2f, 0x0, 0x0, 0x46, 0x6c, 0x90, 0x0,
    0x0, 0xaf, 0x80, 0x0, 0x9f, 0xec, 0x20, 0x0,
    0xa, 0xe5, 0xed, 0x74, 0x21, 0x11, 0x11, 0x20,
    0x4e, 0x20, 0x7, 0xbe, 0xff, 0xff, 0xff, 0xf1,
    0x1, 0x0, 0x0, 0x0, 0x0, 0x11, 0x10, 0x0,

    /* U+8FD1 "近" */
    0x0, 0x20, 0x0, 0x0, 0x0, 0x0, 0x3, 0x0,
    0x1, 0xf6, 0x0, 0x3, 0x57, 0xad, 0xfe, 0x0,
    0x0, 0x5f, 0x30, 0x6f, 0xdb, 0x85, 0x20, 0x0,
    0x0, 0x8, 0xb0, 0x6c, 0x0, 0x0, 0x0, 0x0,
    0x0, 0x0, 0x10, 0x6c, 0x0, 0x0, 0x0, 0x0,
    0x14, 0x44, 0x0, 0x6f, 0x88, 0x89, 0x88, 0x80,
    0x3d, 0xdf, 0x0, 0x6f, 0x99, 0x9f, 0xd9, 0x90,
    0x0, 0x2f, 0x0, 0x7b, 0x0, 0xe, 0x30, 0x0,
    0x0, 0x2f, 0x0, 0x98, 0x0, 0xe, 0x30, 0x0,
    0x0, 0x2f, 0x0, 0xe4, 0x0, 0xe, 0x30, 0x0,
    0x0, 0x2f, 0x7, 0xe0, 0x0, 0xe, 0x30, 0x0,
    0x0, 0xaf, 0x9a, 0x50, 0x0, 0xe, 0x30, 0x0,
    0xa, 0xd3, 0xdf, 0x96, 0x32, 0x26, 0x33, 0x40,
    0x2d, 0x10, 0x4, 0xad, 0xff, 0xff, 0xff, 0xe0,
    0x0, 0x0, 0x0, 0x0, 0x0, 0x0, 0x0, 0x0,

    /* U+8FDE "连" */
    0x0, 0x0, 0x0, 0x0, 0x0, 0x0, 0x0, 0x0,
    0x1, 0x60, 0x0, 0x0, 0x98, 0x0, 0x0, 0x0,
    0x2, 0xf5, 0x2, 0x23, 0xf6, 0x22, 0x22, 0x10,
    0x0, 0x5e, 0x1e, 0xff, 0xff, 0xff, 0xff, 0x80,
    0x0, 0xa, 0x60, 0xd, 0x61, 0x20, 0x0, 0x0,
    0x0, 0x0, 0x0, 0x6e, 0x6, 0xb0, 0x0, 0x0,
    0x2a, 0xa9, 0x0, 0xe6, 0x6, 0xb0, 0x0, 0x0,
    0x17, 0x8f, 0x3, 0xff, 0xff, 0xff, 0xff, 0x30,
    0x0, 0x3f, 0x0, 0x11, 0x18, 0xc1, 0x11, 0x0,
    0x0, 0x3f, 0x0, 0x0, 0x6, 0xb0, 0x0, 0x0,
    0x0, 0x3f, 0x3d, 0xdd, 0xdf, 0xfd, 0xdd, 0xc0,
    0x0, 0x3f, 0x3, 0x33, 0x3a, 0xe3, 0x33, 0x30,
    0x0, 0xaf, 0x70, 0x0, 0x6, 0xb0, 0x0, 0x0,
    0xa, 0xd3, 0xdd, 0x84, 0x35, 0x71, 0x22, 0x40,
    0x2c, 0x10, 0x5, 0xbe, 0xff, 0xff, 0xff, 0xf0,
    0x0, 0x0, 0x0, 0x0, 0x0, 0x0, 0x0, 0x0,

    /* U+9000 "退" */
    0x1, 0x50, 0x0, 0x0, 0x0, 0x0, 0x0, 0x0,
    0x2, 0xe5, 0x0, 0xff, 0xff, 0xff, 0xf8, 0x0,
    0x0, 0x3f, 0x30, 0xf0, 0x0, 0x0, 0x88, 0x0,
    0x0, 0x4, 0x10, 0xfe, 0xee, 0xee, 0xf8, 0x0,
    0x0, 0x0, 0x0, 0xf2, 0x11, 0x11, 0xa8, 0x0,
    0x1a, 0xa8, 0x0, 0xf0, 0x0, 0x0, 0x88, 0x0,
    0x18, 0xad, 0x0, 0xff, 0xff, 0xff, 0xf8, 0x0,
    0x0, 0x4d, 0x0, 0xf0, 0x61, 0x0, 0x1b, 0x60,
    0x0, 0x4d, 0x0, 0xf0, 0x7e, 0x87, 0xe7, 0x0,
    0x0, 0x4d, 0x0, 0xf0, 0x1, 0xef, 0x50, 0x0,
    0x0, 0x4d, 0x0, 0xf2, 0x7c, 0x65, 0xe7, 0x0,
    0x0, 0xbf, 0x75, 0xfe, 0x94, 0x0, 0x1c, 0x80,
    0x9, 0xd3, 0xce, 0xa4, 0x20, 0x0, 0x1, 0x30,
    0x2d, 0x20, 0x5, 0xad, 0xff, 0xff, 0xff, 0xf1,
    0x0, 0x0, 0x0, 0x0, 0x0, 0x0, 0x0, 0x0,

    /* U+901F "速" */
    0x0, 0x30, 0x0, 0x0, 0xb, 0x20, 0x0, 0x0,
    0x3, 0xf2, 0x3, 0x33, 0x3f, 0x63, 0x33, 0x10,
    0x0, 0x7c, 0x2d, 0xdd, 0xdf, 0xfd, 0xdd, 0x60,
    0x0, 0xc, 0x20, 0x0, 0xf, 0x30, 0x0, 0x0,
    0x0, 0x0, 0x2, 0xff, 0xff, 0xff, 0xff, 0x10,
    0x6, 0x66, 0x2, 0xe0, 0xe, 0x30, 0xf, 0x10,
    0x1c, 0xde, 0x2, 0xe0, 0xe, 0x30, 0xf, 0x10,
    0x0, 0x3e, 0x2, 0xff, 0xff, 0xff, 0xff, 0x10,
    0x0, 0x3e, 0x0, 0x3, 0xce, 0xd1, 0x0, 0x0,
    0x0, 0x3e, 0x0, 0x2e, 0x3e, 0xbe, 0x50, 0x0,
    0x0, 0x3e, 0x3, 0xe7, 0xe, 0x33, 0xd9, 0x0,
    0x0, 0x7f, 0x4b, 0x70, 0xe, 0x30, 0xb, 0x30,
    0x6, 0xf9, 0xfc, 0x74, 0x2c, 0x31, 0x11, 0x20,
    0x1e, 0x40, 0x17, 0xce, 0xff, 0xff, 0xff, 0xe0,
    0x0, 0x0, 0x0, 0x0, 0x0, 0x0, 0x0, 0x0,

    /* U+91CF "量" */
    0x0, 0x37, 0x77, 0x77, 0x77, 0x77, 0x72, 0x0,
    0x0, 0x8b, 0x44, 0x44, 0x44, 0x44, 0xe4, 0x0,
    0x0, 0x8f, 0xbb, 0xbb, 0xbb, 0xbb, 0xf4, 0x0,
    0x0, 0x8c, 0x77, 0x77, 0x77, 0x77, 0xe4, 0x0,
    0x0, 0x24, 0x44, 0x44, 0x44, 0x44, 0x41, 0x0,
    0x3d, 0xdd, 0xdd, 0xdd, 0xdd, 0xdd, 0xdd, 0xd0,
    0x0, 0x13, 0x33, 0x33, 0x33, 0x33, 0x31, 0x0,
    0x0, 0x8d, 0x88, 0x8f, 0xe8, 0x88, 0xe4, 0x0,
    0x0, 0x8f, 0x99, 0x9f, 0xf9, 0x99, 0xf4, 0x0,
    0x0, 0x8c, 0x33, 0x3d, 0xa3, 0x33, 0xf4, 0x0,
    0x0, 0x7d, 0xcc, 0xcf, 0xfc, 0xcc, 0xe4, 0x0,
    0x0, 0x0, 0x0, 0xa, 0x70, 0x0, 0x0, 0x0,
    0x0, 0xcc, 0xcc, 0xcf, 0xfc, 0xcc, 0xc9, 0x0,
    0x8, 0x88, 0x88, 0x8f, 0xf8, 0x88, 0x88, 0x70,

    /* U+94AE "钮" */
    0x0, 0x59, 0x0, 0x1, 0x11, 0x11, 0x10, 0x0,
    0x0, 0xc5, 0x0, 0x5f, 0xff, 0xff, 0xfd, 0x0,
    0x4, 0xff, 0xff, 0x30, 0xa8, 0x0, 0x5c, 0x0,
    0xd, 0x71, 0x11, 0x0, 0xa6, 0x0, 0x5c, 0x0,
    0x3b, 0x11, 0x10, 0x0, 0xb5, 0x0, 0x6b, 0x0,
    0x6, 0xff, 0xff, 0x0, 0xc4, 0x0, 0x7a, 0x0,
    0x0, 0x3e, 0x0, 0x58, 0xfc, 0x88, 0xfa, 0x0,
    0x0, 0x3e, 0x0, 0x69, 0xfb, 0x99, 0xf9, 0x0,
    0x3f, 0xff, 0xff, 0x20, 0xf2, 0x0, 0x98, 0x0,
    0x1, 0x4f, 0x11, 0x0, 0xf1, 0x0, 0xa8, 0x0,
    0x0, 0x3e, 0x0, 0x1, 0xf0, 0x0, 0xa7, 0x0,
    0x0, 0x3e, 0x5, 0x2, 0xf0, 0x0, 0xb6, 0x0,
    0x0, 0x3f, 0xbd, 0x3, 0xe0, 0x0, 0xc6, 0x0,
    0x0, 0x8e, 0x76, 0xff, 0xff, 0xff, 0xff, 0xf1,
    0x0, 0x11, 0x0, 0x0, 0x0, 0x0, 0x0, 0x0,

    /* U+95EA "闪" */
    0x0, 0x0, 0x0, 0x0, 0x0, 0x0, 0x0, 0x8,
    0x90, 0x0, 0x0, 0x0, 0x0, 0x0, 0x2, 0xe9,
    0xf, 0xff, 0xff, 0xff, 0xf3, 0x0, 0x4f, 0x32,
    0x22, 0x22, 0x22, 0xe3, 0x2b, 0x4, 0x0, 0x42,
    0x0, 0x0, 0xe3, 0x3e, 0x0, 0x0, 0xc6, 0x0,
    0x0, 0xe3, 0x3e, 0x0, 0x0, 0xd5, 0x0, 0x0,
    0xe3, 0x3e, 0x0, 0x0, 0xf5, 0x0, 0x0, 0xe3,
    0x3e, 0x0, 0x5, 0xff, 0x50, 0x0, 0xe3, 0x3e,
    0x0, 0x1e, 0x64, 0xe7, 0x0, 0xe3, 0x3e, 0x2,
    0xda, 0x0, 0x3e, 0x80, 0xe3, 0x3e, 0x5f, 0x80,
    0x0, 0x2, 0xe4, 0xe3, 0x3e, 0x14, 0x0, 0x0,
    0x0, 0x10, 0xe3, 0x3e, 0x0, 0x0, 0x0, 0x4,
    0x45, 0xf2, 0x3e, 0x0, 0x0, 0x0, 0xc, 0xee,
    0xa0, 0x3e, 0x0, 0x0, 0x0, 0x0, 0x0, 0x0,

    /* U+95ED "闭" */
    0x0, 0x0, 0x0, 0x0, 0x0, 0x0, 0x0, 0x8,
    0xa0, 0x0, 0x0, 0x0, 0x0, 0x0, 0x0, 0xcb,
    0xf, 0xff, 0xff, 0xff, 0xf3, 0x0, 0x1d, 0x41,
    0x11, 0x21, 0x11, 0xe3, 0x2a, 0x0, 0x0, 0x0,
    0xf1, 0x0, 0xe3, 0x3e, 0x0, 0x0, 0x0, 0xf1,
    0x0, 0xe3, 0x3e, 0xf, 0xff, 0xff, 0xff, 0xf4,
    0xe3, 0x3e, 0x0, 0x0, 0x1e, 0xf2, 0x0, 0xe3,
    0x3e, 0x0, 0x0, 0x9c, 0xf1, 0x0, 0xe3, 0x3e,
    0x0, 0x7, 0xe2, 0xf1, 0x0, 0xe3, 0x3e, 0x0,
    0x7f, 0x30, 0xf1, 0x0, 0xe3, 0x3e, 0x1b, 0xe3,
    0x0, 0xf1, 0x0, 0xe3, 0x3e, 0x5c, 0x10, 0x0,
    0xf1, 0x0, 0xe3, 0x3e, 0x0, 0x6, 0xee, 0xd0,
    0x24, 0xf3, 0x3e, 0x0, 0x1, 0x32, 0x6, 0xff,
    0xc0, 0x3e, 0x0, 0x0, 0x0, 0x0, 0x0, 0x0,

    /* U+95F2 "闲" */
    0x0, 0x0, 0x0, 0x0, 0x0, 0x0, 0x0, 0x7,
    0x90, 0x0, 0x0, 0x0, 0x0, 0x0, 0x1, 0xd9,
    0x2f, 0xff, 0xff, 0xff, 0xf2, 0x0, 0x1d, 0x31,
    0x13, 0x11, 0x11, 0xe2, 0x2c, 0x0, 0x0, 0x4e,
    0x0, 0x0, 0xe2, 0x3e, 0x0, 0x0, 0x4e, 0x0,
    0x0, 0xe2, 0x3e, 0xc, 0xff, 0xff, 0xff, 0xf6,
    0xe2, 0x3e, 0x1, 0x19, 0xff, 0x11, 0x10, 0xe2,
    0x3e, 0x0, 0xc, 0xaf, 0x90, 0x0, 0xe2, 0x3e,
    0x0, 0x4f, 0x5f, 0xc9, 0x0, 0xe2, 0x3e, 0x0,
    0xd8, 0x4e, 0x1d, 0x80, 0xe2, 0x3e, 0x8, 0xd0,
    0x4e, 0x1, 0xe5, 0xe2, 0x3e, 0x5f, 0x30, 0x4e,
    0x0, 0x33, 0xe2, 0x3e, 0x4, 0x0, 0x4e, 0x0,
    0x0, 0xe2, 0x3e, 0x0, 0x0, 0x3a, 0x0, 0x33,
    0xf2, 0x3e, 0x0, 0x0, 0x0, 0x1, 0xff, 0xa0,
    0x0, 0x0, 0x0, 0x0, 0x0, 0x0, 0x0,

    /* U+95F4 "间" */
    0x0, 0x0, 0x0, 0x0, 0x0, 0x0, 0x0, 0xa,
    0x50, 0x0, 0x0, 0x0, 0x0, 0x0, 0x4, 0xf4,
    0x2f, 0xff, 0xff, 0xff, 0xf3, 0x0, 0x6f, 0x12,
    0x22, 0x22, 0x22, 0xf3, 0x2a, 0x4, 0x0, 0x0,
    0x0, 0x0, 0xf3, 0x3e, 0x2, 0xff, 0xff, 0xff,
    0x10, 0xf3, 0x3e, 0x2, 0xf1, 0x11, 0x1f, 0x10,
    0xf3, 0x3e, 0x2, 0xf0, 0x0, 0xf, 0x10, 0xf3,
    0x3e, 0x2, 0xf3, 0x33, 0x3f, 0x10, 0xf3, 0x3e,
    0x2, 0xfd, 0xdd, 0xdf, 0x10, 0xf3, 0x3e, 0x2,
    0xf0, 0x0, 0xf, 0x10, 0xf3, 0x3e, 0x2, 0xf0,
    0x0, 0xf, 0x10, 0xf3, 0x3e, 0x2, 0xff, 0xff,
    0xff, 0x10, 0xf3, 0x3e, 0x0, 0x11, 0x11, 0x11,
    0x0, 0xf3, 0x3e, 0x0, 0x0, 0x0, 0x2, 0x45,
    0xf2, 0x3e, 0x0, 0x0, 0x0, 0x8, 0xff, 0xa0,
    0x0, 0x0, 0x0, 0x0, 0x0, 0x0, 0x0,

    /* U+9650 "限" */
    0x12, 0x22, 0x11, 0x22, 0x22, 0x22, 0x10, 0xdf,
    0xff, 0xc8, 0xed, 0xdd, 0xde, 0x80, 0xd3, 0x7,
    0x98, 0x80, 0x0, 0x8, 0x80, 0xd3, 0xb, 0x58,
    0x91, 0x11, 0x19, 0x80, 0xd3, 0xe, 0x8, 0xff,
    0xff, 0xff, 0x80, 0xd3, 0x6a, 0x8, 0x80, 0x0,
    0x8, 0x80, 0xd3, 0x4d, 0x8, 0xa2, 0x22, 0x29,
    0x80, 0xd3, 0xc, 0x58, 0xff, 0xfe, 0xee, 0x70,
    0xd3, 0x7, 0x98, 0x80, 0xe2, 0x0, 0x50, 0xd3,
    0x5, 0xb8, 0x80, 0x98, 0xa, 0xc0, 0xd4, 0x6b,
    0xa8, 0x80, 0x2f, 0xf9, 0x0, 0xd4, 0xba, 0x18,
    0x80, 0x8, 0xf1, 0x0, 0xd3, 0x0, 0x8, 0x80,
    0x74, 0xad, 0x30, 0xd3, 0x0, 0xa, 0xdf, 0xb2,
    0x7, 0xf9, 0xd3, 0x0, 0xc, 0x92, 0x0, 0x0,
    0x13, 0x0, 0x0, 0x0, 0x0, 0x0, 0x0, 0x0,

    /* U+9669 "险" */
    0x0, 0x0, 0x0, 0x0, 0x10, 0x0, 0x0, 0x1,
    0x11, 0x10, 0x0, 0x3f, 0x90, 0x0, 0x0, 0xcf,
    0xff, 0x30, 0xc, 0xbf, 0x30, 0x0, 0xc, 0x40,
    0xe1, 0x9, 0xd0, 0x8d, 0x10, 0x0, 0xc4, 0x2d,
    0x9, 0xe2, 0x0, 0xbc, 0x10, 0xc, 0x47, 0x8a,
    0xe2, 0x0, 0x0, 0xbd, 0x20, 0xc4, 0xc7, 0xb9,
    0xff, 0xff, 0xfe, 0x8d, 0xc, 0x47, 0x90, 0x12,
    0x34, 0x22, 0x20, 0x10, 0xc4, 0x1e, 0x3d, 0x6,
    0xb0, 0xa, 0x80, 0xc, 0x40, 0xd2, 0xe3, 0x1f,
    0x0, 0xe4, 0x0, 0xc4, 0xc, 0x49, 0x80, 0xc4,
    0x3e, 0x0, 0xc, 0x65, 0xe3, 0x5c, 0x8, 0x78,
    0xa0, 0x0, 0xc8, 0xd8, 0x1, 0xe0, 0x22, 0xe4,
    0x0, 0xc, 0x40, 0x2, 0x22, 0x22, 0x7f, 0x22,
    0x10, 0xc4, 0x4, 0xff, 0xff, 0xff, 0xff, 0xf8,
    0xc, 0x40, 0x0, 0x0, 0x0, 0x0, 0x0, 0x0,

    /* U+9694 "隔" */
    0x1, 0x11, 0x1, 0x11, 0x11, 0x11, 0x10, 0xef,
    0xff, 0x6e, 0xee, 0xee, 0xee, 0xe4, 0xe1, 0x2e,
    0x0, 0x0, 0x0, 0x0, 0x0, 0xe1, 0x69, 0xd,
    0xee, 0xee, 0xef, 0x10, 0xe1, 0xb4, 0xd, 0x30,
    0x0, 0xf, 0x10, 0xe1, 0xf0, 0xc, 0xee, 0xee,
    0xee, 0x10, 0xe1, 0xc5, 0x0, 0x0, 0x0, 0x0,
    0x0, 0xe1, 0x5c, 0x7f, 0xff, 0xff, 0xff, 0xe0,
    0xe1, 0xf, 0x86, 0x54, 0x1, 0x83, 0xe0, 0xe1,
    0xe, 0x96, 0x2d, 0x1a, 0x73, 0xe0, 0xe3, 0x4f,
    0x87, 0x7a, 0xbf, 0x74, 0xe0, 0xe7, 0xc6, 0x87,
    0x77, 0xf9, 0x74, 0xe0, 0xe1, 0x0, 0x86, 0x0,
    0xe1, 0x3, 0xe0, 0xe1, 0x0, 0x86, 0x0, 0xe1,
    0x15, 0xe0, 0xe1, 0x0, 0x76, 0x0, 0x0, 0xde,
    0x70, 0x0, 0x0, 0x0, 0x0, 0x0, 0x0, 0x0,

    /* U+9759 "静" */
    0x0, 0x0, 0x0, 0x0, 0x0, 0x0, 0x0, 0x0,
    0x1, 0xd0, 0x0, 0xd, 0x30, 0x0, 0x0, 0x7a,
    0xcf, 0xaa, 0x46, 0xff, 0xff, 0x20, 0x2, 0x46,
    0xf4, 0x44, 0xe2, 0x5, 0xc0, 0x0, 0x4c, 0xef,
    0xc9, 0xc6, 0x1, 0xe3, 0x0, 0x0, 0x13, 0xf1,
    0x11, 0xdd, 0xff, 0xdd, 0x10, 0xaa, 0xbf, 0xaa,
    0x61, 0x1e, 0x51, 0xe1, 0x4, 0x44, 0x44, 0x43,
    0x11, 0xe4, 0x1f, 0x30, 0x5e, 0xee, 0xea, 0xae,
    0xef, 0xfe, 0xff, 0x35, 0xa0, 0x2, 0xb0, 0x0,
    0xc3, 0xe, 0x10, 0x5f, 0xee, 0xfe, 0x14, 0x4f,
    0x74, 0xf1, 0x5, 0xa0, 0x2, 0xb3, 0xcc, 0xff,
    0xcc, 0x10, 0x5f, 0xee, 0xfe, 0x0, 0xc, 0x30,
    0x0, 0x5, 0xa0, 0x3, 0xa0, 0x11, 0xd2, 0x0,
    0x0, 0x5a, 0x8, 0xf6, 0xc, 0xfc, 0x0, 0x0,
    0x0, 0x0, 0x0, 0x0, 0x0, 0x0, 0x0, 0x0,

    /* U+9762 "面" */
    0x4, 0x44, 0x44, 0x44, 0x44, 0x44, 0x44, 0x20,
    0xcc, 0xcc, 0xcc, 0xff, 0xcc, 0xcc, 0xc8, 0x0,
    0x0, 0x0, 0x3f, 0x10, 0x0, 0x0, 0x0, 0x3,
    0x33, 0x3c, 0xf3, 0x33, 0x33, 0x20, 0x3, 0xfd,
    0xdf, 0xff, 0xdf, 0xfd, 0xdd, 0x0, 0x3e, 0x0,
    0xe3, 0x0, 0x98, 0x4, 0xd0, 0x3, 0xe0, 0xf,
    0x41, 0x1a, 0x80, 0x4d, 0x0, 0x3e, 0x0, 0xff,
    0xff, 0xf8, 0x4, 0xd0, 0x3, 0xe0, 0xe, 0x30,
    0x9, 0x80, 0x4d, 0x0, 0x3e, 0x0, 0xf4, 0x11,
    0xa8, 0x4, 0xd0, 0x3, 0xe0, 0xf, 0xff, 0xff,
    0x80, 0x4d, 0x0, 0x3e, 0x0, 0xe3, 0x0, 0x98,
    0x4, 0xd0, 0x3, 0xe0, 0xe, 0x30, 0x9, 0x80,
    0x4d, 0x0, 0x3f, 0xff, 0xff, 0xff, 0xff, 0xff,
    0xd0,

    /* U+97F3 "音" */
    0x0, 0x0, 0x0, 0xb, 0x30, 0x0, 0x0, 0x0,
    0x14, 0x44, 0x44, 0xce, 0x44, 0x44, 0x40, 0x4,
    0xcc, 0xec, 0xce, 0xfc, 0xcc, 0xcc, 0x20, 0x0,
    0xc, 0x80, 0x0, 0x8, 0xa0, 0x0, 0x0, 0x0,
    0x2c, 0x10, 0x3, 0xf3, 0x0, 0x2, 0xff, 0xff,
    0xff, 0xff, 0xff, 0xff, 0xfe, 0x2, 0x22, 0x22,
    0x22, 0x22, 0x22, 0x22, 0x10, 0x1, 0x44, 0x44,
    0x44, 0x44, 0x44, 0x0, 0x0, 0x4f, 0xcc, 0xcc,
    0xcc, 0xcc, 0xf1, 0x0, 0x4, 0xe0, 0x0, 0x0,
    0x0, 0x1f, 0x10, 0x0, 0x4f, 0xdd, 0xdd, 0xdd,
    0xdf, 0xf1, 0x0, 0x4, 0xf3, 0x33, 0x33, 0x33,
    0x4f, 0x10, 0x0, 0x4e, 0x11, 0x11, 0x11, 0x12,
    0xf1, 0x0, 0x4, 0xff, 0xff, 0xff, 0xff, 0xff,
    0x10,

    /* U+98CE "风" */
    0x0, 0x22, 0x22, 0x22, 0x22, 0x22, 0x20, 0x0,
    0x0, 0xef, 0xff, 0xff, 0xff, 0xff, 0xe0, 0x0,
    0x0, 0xe3, 0x0, 0x0, 0x0, 0x4, 0xe0, 0x0,
    0x0, 0xe3, 0x31, 0x0, 0x8, 0x74, 0xe0, 0x0,
    0x0, 0xe3, 0x8c, 0x0, 0x1f, 0x44, 0xe0, 0x0,
    0x0, 0xe3, 0xc, 0x90, 0x9b, 0x4, 0xe0, 0x0,
    0x0, 0xe3, 0x1, 0xf8, 0xf2, 0x4, 0xe0, 0x0,
    0x0, 0xe3, 0x0, 0x6f, 0xa0, 0x4, 0xe0, 0x0,
    0x0, 0xf2, 0x0, 0x7f, 0xb0, 0x4, 0xe0, 0x0,
    0x0, 0xf1, 0x3, 0xf6, 0xf5, 0x4, 0xe0, 0x0,
    0x2, 0xf0, 0x1d, 0x80, 0x7e, 0x3, 0xe0, 0x10,
    0x5, 0xc0, 0xcb, 0x0, 0xd, 0x82, 0xf0, 0xe2,
    0xa, 0x89, 0xd1, 0x0, 0x4, 0xf2, 0xf3, 0xf0,
    0x2f, 0x32, 0x10, 0x0, 0x0, 0x30, 0xdd, 0xa0,
    0x6b, 0x0, 0x0, 0x0, 0x0, 0x0, 0x5e, 0x30,
    0x0, 0x0, 0x0, 0x0, 0x0, 0x0, 0x0, 0x0,

    /* U+9AD8 "高" */
    0x0, 0x0, 0x0, 0x2, 0x10, 0x0, 0x0, 0x0,
    0x0, 0x0, 0x0, 0xc7, 0x0, 0x0, 0x0, 0x1c,
    0xcc, 0xcc, 0xcf, 0xfc, 0xcc, 0xcc, 0xb0, 0x22,
    0x22, 0x22, 0x22, 0x22, 0x22, 0x22, 0x0, 0x9,
    0xcc, 0xcc, 0xcc, 0xcc, 0x70, 0x0, 0x0, 0xd6,
    0x22, 0x22, 0x22, 0x9a, 0x0, 0x0, 0xd, 0x72,
    0x22, 0x22, 0x29, 0xa0, 0x0, 0x0, 0x9b, 0xbb,
    0xbb, 0xbb, 0xb7, 0x0, 0x0, 0x33, 0x33, 0x33,
    0x33, 0x33, 0x33, 0x0, 0x1f, 0xcc, 0xcc, 0xcc,
    0xcc, 0xcc, 0xe0, 0x1, 0xf0, 0x2, 0x22, 0x22,
    0x20, 0x3e, 0x0, 0x1f, 0x2, 0xfb, 0xbb, 0xcf,
    0x3, 0xe0, 0x1, 0xf0, 0x2f, 0x0, 0x2, 0xf0,
    0x3e, 0x0, 0x1f, 0x2, 0xee, 0xee, 0xee, 0x3,
    0xe0, 0x1, 0xf0, 0x0, 0x0, 0x0, 0x36, 0xad,
    0x0, 0x1f, 0x0, 0x0, 0x0, 0x4, 0xa9, 0x30
};


/*---------------------
 *  GLYPH DESCRIPTION
 *--------------------*/

static const lv_font_fmt_txt_glyph_dsc_t glyph_dsc[] = {
    {.bitmap_index = 0, .adv_w = 0, .box_w = 0, .box_h = 0, .ofs_x = 0, .ofs_y = 0} /* id = 0 reserved */,
    {.bitmap_index = 0, .adv_w = 57, .box_w = 0, .box_h = 0, .ofs_x = 0, .ofs_y = 0},
    {.bitmap_index = 0, .adv_w = 62, .box_w = 3, .box_h = 11, .ofs_x = 0, .ofs_y = 0},
    {.bitmap_index = 17, .adv_w = 81, .box_w = 5, .box_h = 4, .ofs_x = 0, .ofs_y = 8},
    {.bitmap_index = 27, .adv_w = 150, .box_w = 9, .box_h = 11, .ofs_x = 0, .ofs_y = 0},
    {.bitmap_index = 77, .adv_w = 159, .box_w = 8, .box_h = 15, .ofs_x = 1, .ofs_y = -2},
    {.bitmap_index = 137, .adv_w = 232, .box_w = 14, .box_h = 13, .ofs_x = 0, .ofs_y = -2},
    {.bitmap_index = 228, .adv_w = 178, .box_w = 12, .box_h = 11, .ofs_x = 0, .ofs_y = 0},
    {.bitmap_index = 294, .adv_w = 46, .box_w = 3, .box_h = 4, .ofs_x = 0, .ofs_y = 8},
    {.bitmap_index = 300, .adv_w = 98, .box_w = 5, .box_h = 15, .ofs_x = 1, .ofs_y = -2},
    {.bitmap_index = 338, .adv_w = 98, .box_w = 5, .box_h = 15, .ofs_x = 0, .ofs_y = -2},
    {.bitmap_index = 376, .adv_w = 128, .box_w = 8, .box_h = 7, .ofs_x = 0, .ofs_y = 6},
    {.bitmap_index = 404, .adv_w = 159, .box_w = 8, .box_h = 9, .ofs_x = 1, .ofs_y = 1},
    {.bitmap_index = 440, .adv_w = 63, .box_w = 3, .box_h = 4, .ofs_x = 0, .ofs_y = -2},
    {.bitmap_index = 446, .adv_w = 95, .box_w = 6, .box_h = 2, .ofs_x = 0, .ofs_y = 3},
    {.bitmap_index = 452, .adv_w = 63, .box_w = 2, .box_h = 2, .ofs_x = 1, .ofs_y = 0},
    {.bitmap_index = 454, .adv_w = 97, .box_w = 6, .box_h = 14, .ofs_x = 0, .ofs_y = -1},
    {.bitmap_index = 496, .adv_w = 159, .box_w = 10, .box_h = 11, .ofs_x = 0, .ofs_y = 0},
    {.bitmap_index = 551, .adv_w = 98, .box_w = 5, .box_h = 11, .ofs_x = 0, .ofs_y = 0},
    {.bitmap_index = 579, .adv_w = 140, .box_w = 9, .box_h = 11, .ofs_x = 0, .ofs_y = 0},
    {.bitmap_index = 629, .adv_w = 143, .box_w = 9, .box_h = 11, .ofs_x = 0, .ofs_y = 0},
    {.bitmap_index = 679, .adv_w = 158, .box_w = 10, .box_h = 11, .ofs_x = 0, .ofs_y = 0},
    {.bitmap_index = 734, .adv_w = 150, .box_w = 9, .box_h = 11, .ofs_x = 0, .ofs_y = 0},
    {.bitmap_index = 784, .adv_w = 153, .box_w = 9, .box_h = 11, .ofs_x = 0, .ofs_y = 0},
    {.bitmap_index = 834, .adv_w = 138, .box_w = 9, .box_h = 11, .ofs_x = 0, .ofs_y = 0},
    {.bitmap_index = 884, .adv_w = 151, .box_w = 9, .box_h = 11, .ofs_x = 0, .ofs_y = 0},
    {.bitmap_index = 934, .adv_w = 153, .box_w = 9, .box_h = 11, .ofs_x = 0, .ofs_y = 0},
    {.bitmap_index = 984, .adv_w = 63, .box_w = 2, .box_h = 8, .ofs_x = 1, .ofs_y = 0},
    {.bitmap_index = 992, .adv_w = 63, .box_w = 4, .box_h = 11, .ofs_x = 0, .ofs_y = -3},
    {.bitmap_index = 1014, .adv_w = 159, .box_w = 8, .box_h = 9, .ofs_x = 1, .ofs_y = 1},
    {.bitmap_index = 1050, .adv_w = 159, .box_w = 8, .box_h = 5, .ofs_x = 1, .ofs_y = 3},
    {.bitmap_index = 1070, .adv_w = 159, .box_w = 8, .box_h = 9, .ofs_x = 1, .ofs_y = 1},
    {.bitmap_index = 1106, .adv_w = 124, .box_w = 8, .box_h = 11, .ofs_x = 0, .ofs_y = 0},
    {.bitmap_index = 1150, .adv_w = 215, .box_w = 13, .box_h = 13, .ofs_x = 0, .ofs_y = -2},
    {.bitmap_index = 1235, .adv_w = 172, .box_w = 11, .box_h = 11, .ofs_x = 0, .ofs_y = 0},
    {.bitmap_index = 1296, .adv_w = 158, .box_w = 10, .box_h = 11, .ofs_x = 0, .ofs_y = 0},
    {.bitmap_index = 1351, .adv_w = 180, .box_w = 11, .box_h = 11, .ofs_x = 0, .ofs_y = 0},
    {.bitmap_index = 1412, .adv_w = 181, .box_w = 11, .box_h = 11, .ofs_x = 0, .ofs_y = 0},
    {.bitmap_index = 1473, .adv_w = 147, .box_w = 9, .box_h = 11, .ofs_x = 0, .ofs_y = 0},
    {.bitmap_index = 1523, .adv_w = 143, .box_w = 9, .box_h = 11, .ofs_x = 0, .ofs_y = 0},
    {.bitmap_index = 1573, .adv_w = 184, .box_w = 11, .box_h = 11, .ofs_x = 0, .ofs_y = 0},
    {.bitmap_index = 1634, .adv_w = 174, .box_w = 10, .box_h = 11, .ofs_x = 0, .ofs_y = 0},
    {.bitmap_index = 1689, .adv_w = 52, .box_w = 3, .box_h = 11, .ofs_x = 0, .ofs_y = 0},
    {.bitmap_index = 1706, .adv_w = 133, .box_w = 8, .box_h = 11, .ofs_x = 0, .ofs_y = 0},
    {.bitmap_index = 1750, .adv_w = 156, .box_w = 10, .box_h = 11, .ofs_x = 0, .ofs_y = 0},
    {.bitmap_index = 1805, .adv_w = 136, .box_w = 9, .box_h = 11, .ofs_x = 0, .ofs_y = 0},
    {.bitmap_index = 1855, .adv_w = 227, .box_w = 14, .box_h = 11, .ofs_x = 0, .ofs_y = 0},
    {.bitmap_index = 1932, .adv_w = 177, .box_w = 11, .box_h = 11, .ofs_x = 0, .ofs_y = 0},
    {.bitmap_index = 1993, .adv_w = 188, .box_w = 12, .box_h = 11, .ofs_x = 0, .ofs_y = 0},
    {.bitmap_index = 2059, .adv_w = 158, .box_w = 10, .box_h = 11, .ofs_x = 0, .ofs_y = 0},
    {.bitmap_index = 2114, .adv_w = 188, .box_w = 12, .box_h = 12, .ofs_x = 0, .ofs_y = -1},
    {.bitmap_index = 2186, .adv_w = 161, .box_w = 10, .box_h = 11, .ofs_x = 0, .ofs_y = 0},
    {.bitmap_index = 2241, .adv_w = 149, .box_w = 9, .box_h = 11, .ofs_x = 0, .ofs_y = 0},
    {.bitmap_index = 2291, .adv_w = 153, .box_w = 10, .box_h = 11, .ofs_x = 0, .ofs_y = 0},
    {.bitmap_index = 2346, .adv_w = 176, .box_w = 11, .box_h = 11, .ofs_x = 0, .ofs_y = 0},
    {.bitmap_index = 2407, .adv_w = 166, .box_w = 11, .box_h = 11, .ofs_x = 0, .ofs_y = 0},
    {.bitmap_index = 2468, .adv_w = 249, .box_w = 16, .box_h = 11, .ofs_x = 0, .ofs_y = 0},
    {.bitmap_index = 2556, .adv_w = 165, .box_w = 11, .box_h = 11, .ofs_x = 0, .ofs_y = 0},
    {.bitmap_index = 2617, .adv_w = 163, .box_w = 11, .box_h = 11, .ofs_x = 0, .ofs_y = 0},
    {.bitmap_index = 2678, .adv_w = 158, .box_w = 10, .box_h = 11, .ofs_x = 0, .ofs_y = 0},
    {.bitmap_index = 2733, .adv_w = 98, .box_w = 5, .box_h = 15, .ofs_x = 1, .ofs_y = -3},
    {.bitmap_index = 2771, .adv_w = 97, .box_w = 6, .box_h = 14, .ofs_x = 0, .ofs_y = -1},
    {.bitmap_index = 2813, .adv_w = 98, .box_w = 5, .box_h = 15, .ofs_x = 0, .ofs_y = -3},
    {.bitmap_index = 2851, .adv_w = 159, .box_w = 8, .box_h = 5, .ofs_x = 1, .ofs_y = 7},
    {.bitmap_index = 2871, .adv_w = 129, .box_w = 9, .box_h = 2, .ofs_x = 0, .ofs_y = -4},
    {.bitmap_index = 2880, .adv_w = 154, .box_w = 4, .box_h = 3, .ofs_x = 2, .ofs_y = 9},
    {.bitmap_index = 2886, .adv_w = 133, .box_w = 8, .box_h = 8, .ofs_x = 0, .ofs_y = 0},
    {.bitmap_index = 2918, .adv_w = 143, .box_w = 9, .box_h = 11, .ofs_x = 0, .ofs_y = 0},
    {.bitmap_index = 2968, .adv_w = 133, .box_w = 8, .box_h = 8, .ofs_x = 0, .ofs_y = 0},
    {.bitmap_index = 3000, .adv_w = 143, .box_w = 9, .box_h = 11, .ofs_x = 0, .ofs_y = 0},
    {.bitmap_index = 3050, .adv_w = 135, .box_w = 9, .box_h = 8, .ofs_x = 0, .ofs_y = 0},
    {.bitmap_index = 3086, .adv_w = 79, .box_w = 5, .box_h = 11, .ofs_x = 0, .ofs_y = 0},
    {.bitmap_index = 3114, .adv_w = 143, .box_w = 9, .box_h = 11, .ofs_x = 0, .ofs_y = -3},
    {.bitmap_index = 3164, .adv_w = 138, .box_w = 8, .box_h = 11, .ofs_x = 0, .ofs_y = 0},
    {.bitmap_index = 3208, .adv_w = 49, .box_w = 3, .box_h = 11, .ofs_x = 0, .ofs_y = 0},
    {.bitmap_index = 3225, .adv_w = 50, .box_w = 4, .box_h = 14, .ofs_x = -1, .ofs_y = -3},
    {.bitmap_index = 3253, .adv_w = 125, .box_w = 8, .box_h = 11, .ofs_x = 0, .ofs_y = 0},
    {.bitmap_index = 3297, .adv_w = 49, .box_w = 3, .box_h = 11, .ofs_x = 0, .ofs_y = 0},
    {.bitmap_index = 3314, .adv_w = 215, .box_w = 13, .box_h = 8, .ofs_x = 0, .ofs_y = 0},
    {.bitmap_index = 3366, .adv_w = 139, .box_w = 8, .box_h = 8, .ofs_x = 0, .ofs_y = 0},
    {.bitmap_index = 3398, .adv_w = 143, .box_w = 9, .box_h = 8, .ofs_x = 0, .ofs_y = 0},
    {.bitmap_index = 3434, .adv_w = 144, .box_w = 9, .box_h = 11, .ofs_x = 0, .ofs_y = -3},
    {.bitmap_index = 3484, .adv_w = 144, .box_w = 9, .box_h = 11, .ofs_x = 0, .ofs_y = -3},
    {.bitmap_index = 3534, .adv_w = 88, .box_w = 6, .box_h = 9, .ofs_x = 0, .ofs_y = 0},
    {.bitmap_index = 3561, .adv_w = 122, .box_w = 8, .box_h = 8, .ofs_x = 0, .ofs_y = 0},
    {.bitmap_index = 3593, .adv_w = 81, .box_w = 5, .box_h = 11, .ofs_x = 0, .ofs_y = 0},
    {.bitmap_index = 3621, .adv_w = 137, .box_w = 8, .box_h = 8, .ofs_x = 0, .ofs_y = 0},
    {.bitmap_index = 3653, .adv_w = 131, .box_w = 9, .box_h = 8, .ofs_x = 0, .ofs_y = 0},
    {.bitmap_index = 3689, .adv_w = 203, .box_w = 13, .box_h = 8, .ofs_x = 0, .ofs_y = 0},
    {.bitmap_index = 3741, .adv_w = 121, .box_w = 8, .box_h = 8, .ofs_x = 0, .ofs_y = 0},
    {.bitmap_index = 3773, .adv_w = 129, .box_w = 8, .box_h = 11, .ofs_x = 0, .ofs_y = -3},
    {.bitmap_index = 3817, .adv_w = 120, .box_w = 8, .box_h = 8, .ofs_x = 0, .ofs_y = 0},
    {.bitmap_index = 3849, .adv_w = 98, .box_w = 6, .box_h = 15, .ofs_x = 0, .ofs_y = -3},
    {.bitmap_index = 3894, .adv_w = 60, .box_w = 2, .box_h = 14, .ofs_x = 1, .ofs_y = -3},
    {.bitmap_index = 3908, .adv_w = 98, .box_w = 6, .box_h = 15, .ofs_x = 0, .ofs_y = -3},
    {.bitmap_index = 3953, .adv_w = 159, .box_w = 8, .box_h = 3, .ofs_x = 1, .ofs_y = 4},
    {.bitmap_index = 3965, .adv_w = 252, .box_w = 15, .box_h = 15, .ofs_x = 0, .ofs_y = -2},
    {.bitmap_index = 4078, .adv_w = 252, .box_w = 15, .box_h = 15, .ofs_x = 0, .ofs_y = -2},
    {.bitmap_index = 4191, .adv_w = 252, .box_w = 13, .box_h = 16, .ofs_x = 1, .ofs_y = -2},
    {.bitmap_index = 4295, .adv_w = 252, .box_w = 14, .box_h = 15, .ofs_x = 0, .ofs_y = -2},
    {.bitmap_index = 4400, .adv_w = 252, .box_w = 15, .box_h = 15, .ofs_x = 0, .ofs_y = -2},
    {.bitmap_index = 4513, .adv_w = 252, .box_w = 15, .box_h = 16, .ofs_x = 0, .ofs_y = -3},
    {.bitmap_index = 4633, .adv_w = 252, .box_w = 15, .box_h = 17, .ofs_x = 0, .ofs_y = -3},
    {.bitmap_index = 4761, .adv_w = 252, .box_w = 16, .box_h = 17, .ofs_x = 0, .ofs_y = -3},
    {.bitmap_index = 4897, .adv_w = 252, .box_w = 16, .box_h = 16, .ofs_x = 0, .ofs_y = -3},
    {.bitmap_index = 5025, .adv_w = 252, .box_w = 15, .box_h = 16, .ofs_x = 0, .ofs_y = -2},
    {.bitmap_index = 5145, .adv_w = 252, .box_w = 15, .box_h = 16, .ofs_x = 0, .ofs_y = -2},
    {.bitmap_index = 5265, .adv_w = 252, .box_w = 15, .box_h = 15, .ofs_x = 0, .ofs_y = -2},
    {.bitmap_index = 5378, .adv_w = 252, .box_w = 15, .box_h = 16, .ofs_x = 0, .ofs_y = -2},
    {.bitmap_index = 5498, .adv_w = 252, .box_w = 15, .box_h = 15, .ofs_x = 0, .ofs_y = -2},
    {.bitmap_index = 5611, .adv_w = 252, .box_w = 15, .box_h = 16, .ofs_x = 0, .ofs_y = -2},
    {.bitmap_index = 5731, .adv_w = 252, .box_w = 16, .box_h = 17, .ofs_x = 0, .ofs_y = -3},
    {.bitmap_index = 5867, .adv_w = 252, .box_w = 13, .box_h = 15, .ofs_x = 1, .ofs_y = -1},
    {.bitmap_index = 5965, .adv_w = 252, .box_w = 15, .box_h = 15, .ofs_x = 0, .ofs_y = -2},
    {.bitmap_index = 6078, .adv_w = 252, .box_w = 14, .box_h = 16, .ofs_x = 0, .ofs_y = -2},
    {.bitmap_index = 6190, .adv_w = 252, .box_w = 15, .box_h = 15, .ofs_x = 0, .ofs_y = -2},
    {.bitmap_index = 6303, .adv_w = 252, .box_w = 15, .box_h = 16, .ofs_x = 0, .ofs_y = -2},
    {.bitmap_index = 6423, .adv_w = 252, .box_w = 13, .box_h = 14, .ofs_x = 2, .ofs_y = -1},
    {.bitmap_index = 6514, .adv_w = 252, .box_w = 15, .box_h = 16, .ofs_x = 0, .ofs_y = -2},
    {.bitmap_index = 6634, .adv_w = 252, .box_w = 15, .box_h = 14, .ofs_x = 0, .ofs_y = -2},
    {.bitmap_index = 6739, .adv_w = 252, .box_w = 16, .box_h = 15, .ofs_x = 0, .ofs_y = -2},
    {.bitmap_index = 6859, .adv_w = 252, .box_w = 15, .box_h = 15, .ofs_x = 0, .ofs_y = -2},
    {.bitmap_index = 6972, .adv_w = 252, .box_w = 15, .box_h = 15, .ofs_x = 0, .ofs_y = -1},
    {.bitmap_index = 7085, .adv_w = 252, .box_w = 15, .box_h = 16, .ofs_x = 0, .ofs_y = -2},
    {.bitmap_index = 7205, .adv_w = 252, .box_w = 15, .box_h = 14, .ofs_x = 0, .ofs_y = -1},
    {.bitmap_index = 7310, .adv_w = 252, .box_w = 16, .box_h = 16, .ofs_x = 0, .ofs_y = -2},
    {.bitmap_index = 7438, .adv_w = 252, .box_w = 15, .box_h = 15, .ofs_x = 0, .ofs_y = -1},
    {.bitmap_index = 7551, .adv_w = 252, .box_w = 15, .box_h = 16, .ofs_x = 0, .ofs_y = -3},
    {.bitmap_index = 7671, .adv_w = 252, .box_w = 16, .box_h = 16, .ofs_x = 0, .ofs_y = -2},
    {.bitmap_index = 7799, .adv_w = 252, .box_w = 16, .box_h = 15, .ofs_x = 0, .ofs_y = -2},
    {.bitmap_index = 7919, .adv_w = 252, .box_w = 15, .box_h = 16, .ofs_x = 0, .ofs_y = -2},
    {.bitmap_index = 8039, .adv_w = 252, .box_w = 15, .box_h = 16, .ofs_x = 0, .ofs_y = -3},
    {.bitmap_index = 8159, .adv_w = 252, .box_w = 16, .box_h = 15, .ofs_x = 0, .ofs_y = -2},
    {.bitmap_index = 8279, .adv_w = 252, .box_w = 16, .box_h = 16, .ofs_x = 0, .ofs_y = -2},
    {.bitmap_index = 8407, .adv_w = 252, .box_w = 14, .box_h = 15, .ofs_x = 1, .ofs_y = -2},
    {.bitmap_index = 8512, .adv_w = 252, .box_w = 15, .box_h = 15, .ofs_x = 0, .ofs_y = -2},
    {.bitmap_index = 8625, .adv_w = 252, .box_w = 14, .box_h = 17, .ofs_x = 1, .ofs_y = -3},
    {.bitmap_index = 8744, .adv_w = 252, .box_w = 15, .box_h = 15, .ofs_x = 0, .ofs_y = -2},
    {.bitmap_index = 8857, .adv_w = 252, .box_w = 15, .box_h = 16, .ofs_x = 0, .ofs_y = -3},
    {.bitmap_index = 8977, .adv_w = 252, .box_w = 15, .box_h = 15, .ofs_x = 0, .ofs_y = -2},
    {.bitmap_index = 9090, .adv_w = 252, .box_w = 16, .box_h = 16, .ofs_x = 0, .ofs_y = -3},
    {.bitmap_index = 9218, .adv_w = 252, .box_w = 15, .box_h = 16, .ofs_x = 0, .ofs_y = -2},
    {.bitmap_index = 9338, .adv_w = 252, .box_w = 15, .box_h = 16, .ofs_x = 0, .ofs_y = -3},
    {.bitmap_index = 9458, .adv_w = 252, .box_w = 16, .box_h = 16, .ofs_x = 0, .ofs_y = -2},
    {.bitmap_index = 9586, .adv_w = 252, .box_w = 16, .box_h = 16, .ofs_x = 0, .ofs_y = -3},
    {.bitmap_index = 9714, .adv_w = 252, .box_w = 15, .box_h = 15, .ofs_x = 0, .ofs_y = -2},
    {.bitmap_index = 9827, .adv_w = 252, .box_w = 15, .box_h = 15, .ofs_x = 1, .ofs_y = -2},
    {.bitmap_index = 9940, .adv_w = 252, .box_w = 15, .box_h = 15, .ofs_x = 0, .ofs_y = -1},
    {.bitmap_index = 10053, .adv_w = 252, .box_w = 16, .box_h = 16, .ofs_x = 0, .ofs_y = -2},
    {.bitmap_index = 10181, .adv_w = 252, .box_w = 15, .box_h = 17, .ofs_x = 0, .ofs_y = -3},
    {.bitmap_index = 10309, .adv_w = 252, .box_w = 16, .box_h = 16, .ofs_x = 0, .ofs_y = -3},
    {.bitmap_index = 10437, .adv_w = 252, .box_w = 16, .box_h = 15, .ofs_x = 0, .ofs_y = -2},
    {.bitmap_index = 10557, .adv_w = 252, .box_w = 16, .box_h = 17, .ofs_x = 0, .ofs_y = -3},
    {.bitmap_index = 10693, .adv_w = 252, .box_w = 16, .box_h = 16, .ofs_x = 0, .ofs_y = -2},
    {.bitmap_index = 10821, .adv_w = 252, .box_w = 16, .box_h = 16, .ofs_x = 0, .ofs_y = -2},
    {.bitmap_index = 10949, .adv_w = 252, .box_w = 16, .box_h = 16, .ofs_x = 0, .ofs_y = -2},
    {.bitmap_index = 11077, .adv_w = 252, .box_w = 16, .box_h = 16, .ofs_x = 0, .ofs_y = -2},
    {.bitmap_index = 11205, .adv_w = 252, .box_w = 16, .box_h = 16, .ofs_x = 0, .ofs_y = -3},
    {.bitmap_index = 11333, .adv_w = 252, .box_w = 16, .box_h = 15, .ofs_x = 0, .ofs_y = -1},
    {.bitmap_index = 11453, .adv_w = 252, .box_w = 15, .box_h = 16, .ofs_x = 1, .ofs_y = -3},
    {.bitmap_index = 11573, .adv_w = 252, .box_w = 15, .box_h = 16, .ofs_x = 0, .ofs_y = -3},
    {.bitmap_index = 11693, .adv_w = 252, .box_w = 15, .box_h = 16, .ofs_x = 0, .ofs_y = -2},
    {.bitmap_index = 11813, .adv_w = 252, .box_w = 15, .box_h = 15, .ofs_x = 0, .ofs_y = -2},
    {.bitmap_index = 11926, .adv_w = 252, .box_w = 15, .box_h = 15, .ofs_x = 0, .ofs_y = -1},
    {.bitmap_index = 12039, .adv_w = 252, .box_w = 16, .box_h = 15, .ofs_x = 0, .ofs_y = -2},
    {.bitmap_index = 12159, .adv_w = 252, .box_w = 16, .box_h = 16, .ofs_x = 0, .ofs_y = -2},
    {.bitmap_index = 12287, .adv_w = 252, .box_w = 15, .box_h = 16, .ofs_x = 0, .ofs_y = -2},
    {.bitmap_index = 12407, .adv_w = 252, .box_w = 15, .box_h = 15, .ofs_x = 0, .ofs_y = -2},
    {.bitmap_index = 12520, .adv_w = 252, .box_w = 16, .box_h = 16, .ofs_x = 0, .ofs_y = -3},
    {.bitmap_index = 12648, .adv_w = 252, .box_w = 15, .box_h = 15, .ofs_x = 0, .ofs_y = -2},
    {.bitmap_index = 12761, .adv_w = 252, .box_w = 15, .box_h = 13, .ofs_x = 0, .ofs_y = -1},
    {.bitmap_index = 12859, .adv_w = 252, .box_w = 15, .box_h = 15, .ofs_x = 0, .ofs_y = -2},
    {.bitmap_index = 12972, .adv_w = 252, .box_w = 16, .box_h = 17, .ofs_x = 0, .ofs_y = -3},
    {.bitmap_index = 13108, .adv_w = 252, .box_w = 15, .box_h = 16, .ofs_x = 0, .ofs_y = -2},
    {.bitmap_index = 13228, .adv_w = 252, .box_w = 14, .box_h = 15, .ofs_x = 0, .ofs_y = -2},
    {.bitmap_index = 13333, .adv_w = 252, .box_w = 16, .box_h = 15, .ofs_x = 0, .ofs_y = -2},
    {.bitmap_index = 13453, .adv_w = 252, .box_w = 16, .box_h = 16, .ofs_x = 0, .ofs_y = -2},
    {.bitmap_index = 13581, .adv_w = 252, .box_w = 16, .box_h = 15, .ofs_x = 0, .ofs_y = -2},
    {.bitmap_index = 13701, .adv_w = 252, .box_w = 14, .box_h = 15, .ofs_x = 1, .ofs_y = -2},
    {.bitmap_index = 13806, .adv_w = 252, .box_w = 16, .box_h = 17, .ofs_x = 0, .ofs_y = -3},
    {.bitmap_index = 13942, .adv_w = 252, .box_w = 15, .box_h = 16, .ofs_x = 0, .ofs_y = -2},
    {.bitmap_index = 14062, .adv_w = 252, .box_w = 15, .box_h = 15, .ofs_x = 0, .ofs_y = -2},
    {.bitmap_index = 14175, .adv_w = 252, .box_w = 15, .box_h = 16, .ofs_x = 1, .ofs_y = -2},
    {.bitmap_index = 14295, .adv_w = 252, .box_w = 14, .box_h = 16, .ofs_x = 1, .ofs_y = -2},
    {.bitmap_index = 14407, .adv_w = 252, .box_w = 16, .box_h = 16, .ofs_x = 0, .ofs_y = -3},
    {.bitmap_index = 14535, .adv_w = 252, .box_w = 16, .box_h = 16, .ofs_x = 0, .ofs_y = -2},
    {.bitmap_index = 14663, .adv_w = 252, .box_w = 15, .box_h = 16, .ofs_x = 0, .ofs_y = -2},
    {.bitmap_index = 14783, .adv_w = 252, .box_w = 15, .box_h = 15, .ofs_x = 0, .ofs_y = -1},
    {.bitmap_index = 14896, .adv_w = 252, .box_w = 15, .box_h = 17, .ofs_x = 0, .ofs_y = -3},
    {.bitmap_index = 15024, .adv_w = 252, .box_w = 16, .box_h = 15, .ofs_x = 0, .ofs_y = -3},
    {.bitmap_index = 15144, .adv_w = 252, .box_w = 15, .box_h = 16, .ofs_x = 0, .ofs_y = -3},
    {.bitmap_index = 15264, .adv_w = 252, .box_w = 15, .box_h = 14, .ofs_x = 1, .ofs_y = -1},
    {.bitmap_index = 15369, .adv_w = 252, .box_w = 16, .box_h = 14, .ofs_x = 0, .ofs_y = -1},
    {.bitmap_index = 15481, .adv_w = 252, .box_w = 15, .box_h = 15, .ofs_x = 0, .ofs_y = -2},
    {.bitmap_index = 15594, .adv_w = 252, .box_w = 16, .box_h = 16, .ofs_x = 0, .ofs_y = -2},
    {.bitmap_index = 15722, .adv_w = 252, .box_w = 15, .box_h = 15, .ofs_x = 0, .ofs_y = -1},
    {.bitmap_index = 15835, .adv_w = 252, .box_w = 16, .box_h = 14, .ofs_x = 0, .ofs_y = -1},
    {.bitmap_index = 15947, .adv_w = 252, .box_w = 15, .box_h = 15, .ofs_x = 0, .ofs_y = -2},
    {.bitmap_index = 16060, .adv_w = 252, .box_w = 15, .box_h = 16, .ofs_x = 0, .ofs_y = -3},
    {.bitmap_index = 16180, .adv_w = 252, .box_w = 15, .box_h = 14, .ofs_x = 0, .ofs_y = -1},
    {.bitmap_index = 16285, .adv_w = 252, .box_w = 16, .box_h = 17, .ofs_x = 0, .ofs_y = -3},
    {.bitmap_index = 16421, .adv_w = 252, .box_w = 16, .box_h = 17, .ofs_x = 0, .ofs_y = -3},
    {.bitmap_index = 16557, .adv_w = 252, .box_w = 12, .box_h = 15, .ofs_x = 2, .ofs_y = -1},
    {.bitmap_index = 16647, .adv_w = 252, .box_w = 16, .box_h = 16, .ofs_x = 0, .ofs_y = -2},
    {.bitmap_index = 16775, .adv_w = 252, .box_w = 15, .box_h = 16, .ofs_x = 0, .ofs_y = -2},
    {.bitmap_index = 16895, .adv_w = 252, .box_w = 16, .box_h = 15, .ofs_x = 0, .ofs_y = -2},
    {.bitmap_index = 17015, .adv_w = 252, .box_w = 15, .box_h = 16, .ofs_x = 0, .ofs_y = -2},
    {.bitmap_index = 17135, .adv_w = 252, .box_w = 15, .box_h = 15, .ofs_x = 0, .ofs_y = -2},
    {.bitmap_index = 17248, .adv_w = 252, .box_w = 16, .box_h = 15, .ofs_x = 0, .ofs_y = -1},
    {.bitmap_index = 17368, .adv_w = 252, .box_w = 16, .box_h = 16, .ofs_x = 0, .ofs_y = -2},
    {.bitmap_index = 17496, .adv_w = 252, .box_w = 16, .box_h = 16, .ofs_x = 0, .ofs_y = -3},
    {.bitmap_index = 17624, .adv_w = 252, .box_w = 16, .box_h = 15, .ofs_x = 0, .ofs_y = -2},
    {.bitmap_index = 17744, .adv_w = 252, .box_w = 15, .box_h = 15, .ofs_x = 0, .ofs_y = -1},
    {.bitmap_index = 17857, .adv_w = 252, .box_w = 15, .box_h = 16, .ofs_x = 0, .ofs_y = -3},
    {.bitmap_index = 17977, .adv_w = 252, .box_w = 16, .box_h = 15, .ofs_x = 0, .ofs_y = -2},
    {.bitmap_index = 18097, .adv_w = 252, .box_w = 16, .box_h = 15, .ofs_x = 0, .ofs_y = -2},
    {.bitmap_index = 18217, .adv_w = 252, .box_w = 16, .box_h = 16, .ofs_x = 0, .ofs_y = -2},
    {.bitmap_index = 18345, .adv_w = 252, .box_w = 16, .box_h = 15, .ofs_x = 0, .ofs_y = -2},
    {.bitmap_index = 18465, .adv_w = 252, .box_w = 16, .box_h = 16, .ofs_x = 0, .ofs_y = -2},
    {.bitmap_index = 18593, .adv_w = 252, .box_w = 16, .box_h = 15, .ofs_x = 0, .ofs_y = -2},
    {.bitmap_index = 18713, .adv_w = 252, .box_w = 16, .box_h = 15, .ofs_x = 0, .ofs_y = -2},
    {.bitmap_index = 18833, .adv_w = 252, .box_w = 16, .box_h = 14, .ofs_x = 0, .ofs_y = -1},
    {.bitmap_index = 18945, .adv_w = 252, .box_w = 16, .box_h = 15, .ofs_x = 0, .ofs_y = -2},
    {.bitmap_index = 19065, .adv_w = 252, .box_w = 14, .box_h = 16, .ofs_x = 1, .ofs_y = -2},
    {.bitmap_index = 19177, .adv_w = 252, .box_w = 14, .box_h = 16, .ofs_x = 1, .ofs_y = -2},
    {.bitmap_index = 19289, .adv_w = 252, .box_w = 14, .box_h = 17, .ofs_x = 1, .ofs_y = -3},
    {.bitmap_index = 19408, .adv_w = 252, .box_w = 14, .box_h = 17, .ofs_x = 1, .ofs_y = -3},
    {.bitmap_index = 19527, .adv_w = 252, .box_w = 14, .box_h = 16, .ofs_x = 1, .ofs_y = -3},
    {.bitmap_index = 19639, .adv_w = 252, .box_w = 15, .box_h = 16, .ofs_x = 1, .ofs_y = -2},
    {.bitmap_index = 19759, .adv_w = 252, .box_w = 14, .box_h = 16, .ofs_x = 1, .ofs_y = -3},
    {.bitmap_index = 19871, .adv_w = 252, .box_w = 15, .box_h = 16, .ofs_x = 1, .ofs_y = -2},
    {.bitmap_index = 19991, .adv_w = 252, .box_w = 15, .box_h = 14, .ofs_x = 0, .ofs_y = -1},
    {.bitmap_index = 20096, .adv_w = 252, .box_w = 15, .box_h = 14, .ofs_x = 0, .ofs_y = -1},
    {.bitmap_index = 20201, .adv_w = 252, .box_w = 16, .box_h = 16, .ofs_x = 0, .ofs_y = -3},
    {.bitmap_index = 20329, .adv_w = 252, .box_w = 15, .box_h = 16, .ofs_x = 0, .ofs_y = -2}
};

/*---------------------
 *  CHARACTER MAPPING
 *--------------------*/

static const uint16_t unicode_list_1[] = {
    0x0, 0x1, 0x23, 0x30, 0xb0, 0x10e, 0x11a, 0x144,
    0x1d3, 0x232, 0x252, 0x335, 0x33b, 0x33e, 0x369, 0x3b1,
    0x3f0, 0x3fd, 0x411, 0x496, 0x49e, 0x530, 0x54b, 0x581,
    0x5ed, 0x625, 0x91e, 0x93d, 0x981, 0x9d5, 0xa94, 0xae6,
    0xb03, 0xb12, 0xbc1, 0xd4e, 0xdf2, 0xe27, 0xfe8, 0x101c,
    0x102e, 0x1069, 0x1080, 0x109c, 0x10f6, 0x1105, 0x1158, 0x11b9,
    0x1258, 0x1406, 0x1441, 0x1449, 0x145d, 0x149a, 0x149b, 0x14d5,
    0x1558, 0x159b, 0x15c6, 0x1605, 0x1745, 0x1766, 0x176a, 0x17a3,
    0x17a6, 0x17c1, 0x17d6, 0x1878, 0x18f6, 0x1925, 0x195b, 0x1992,
    0x1c17, 0x1d58, 0x1d59, 0x1e0a, 0x1e1d, 0x1ed8, 0x1f41, 0x2086,
    0x20da, 0x226b, 0x22af, 0x22b7, 0x231c, 0x257d, 0x2715, 0x272b,
    0x2742, 0x27bb, 0x28c0, 0x28c7, 0x2a64, 0x2b30, 0x2bf1, 0x2c70,
    0x2cdb, 0x2e71, 0x309d, 0x30c9, 0x30e0, 0x30e3, 0x310c, 0x3164,
    0x324a, 0x32ff, 0x33e0, 0x35d2, 0x3a36, 0x3a42, 0x3a8c, 0x3bba,
    0x3d5c, 0x3d9a, 0x3db4, 0x3dc0, 0x3dcb, 0x3df9, 0x3f6d, 0x4187,
    0x41bd, 0x41c7, 0x41d4, 0x41f6, 0x4215, 0x43c5, 0x46a4, 0x47e0,
    0x47e3, 0x47e8, 0x47ea, 0x4846, 0x485f, 0x488a, 0x494f, 0x4958,
    0x49e9, 0x4ac4, 0x4cce
};

/*Collect the unicode lists and glyph_id offsets*/
static const lv_font_fmt_txt_cmap_t cmaps[] =
{
    {
        .range_start = 32, .range_length = 95, .glyph_id_start = 1,
        .unicode_list = NULL, .glyph_id_ofs_list = NULL, .list_length = 0, .type = LV_FONT_FMT_TXT_CMAP_FORMAT0_TINY
    },
    {
        .range_start = 19978, .range_length = 19663, .glyph_id_start = 96,
        .unicode_list = unicode_list_1, .glyph_id_ofs_list = NULL, .list_length = 139, .type = LV_FONT_FMT_TXT_CMAP_SPARSE_TINY
    }
};

/*-----------------
 *    KERNING
 *----------------*/


/*Map glyph_ids to kern left classes*/
static const uint8_t kern_left_class_mapping[] =
{
    0, 0, 0, 1, 0, 0, 0, 2,
    1, 0, 0, 3, 0, 4, 5, 4,
    6, 7, 0, 8, 9, 10, 11, 12,
    13, 14, 7, 0, 0, 0, 0, 0,
    0, 15, 16, 17, 18, 15, 0, 19,
    20, 0, 0, 21, 22, 23, 0, 0,
    15, 24, 15, 25, 26, 27, 21, 6,
    28, 22, 29, 30, 0, 16, 0, 0,
    0, 0, 31, 32, 32, 33, 32, 34,
    35, 31, 36, 36, 37, 33, 31, 31,
    32, 32, 38, 39, 40, 41, 42, 43,
    44, 45, 46, 47, 0, 0, 0, 0,
    0, 0, 0, 0, 0, 0, 0, 0,
    0, 0, 0, 0, 0, 0, 0, 0,
    0, 0, 0, 0, 0, 0, 0, 0,
    0, 0, 0, 0, 0, 0, 0, 0,
    0, 0, 0, 0, 0, 0, 0, 0,
    0, 0, 0, 0, 0, 0, 0, 0,
    0, 0, 0, 0, 0, 0, 0, 0,
    0, 0, 0, 0, 0, 0, 0, 0,
    0, 0, 0, 0, 0, 0, 0, 0,
    0, 0, 0, 0, 0, 0, 0, 0,
    0, 0, 0, 0, 0, 0, 0, 0,
    0, 0, 0, 0, 0, 0, 0, 0,
    0, 0, 0, 0, 0, 0, 0, 0,
    0, 0, 0, 0, 0, 0, 0, 0,
    0, 0, 0, 0, 0, 0, 0, 0,
    0, 0, 0, 0, 0, 0, 0, 0,
    0, 0, 0, 0, 0, 0, 0, 0,
    0, 0, 0
};

/*Map glyph_ids to kern right classes*/
static const uint8_t kern_right_class_mapping[] =
{
    0, 1, 0, 2, 3, 0, 0, 4,
    2, 0, 0, 5, 0, 6, 7, 6,
    8, 9, 10, 11, 12, 13, 14, 9,
    15, 16, 17, 18, 18, 0, 0, 0,
    0, 19, 8, 0, 19, 0, 0, 0,
    19, 0, 0, 20, 0, 0, 0, 0,
    19, 0, 19, 0, 21, 22, 23, 24,
    25, 26, 27, 28, 0, 24, 0, 0,
    0, 0, 29, 30, 31, 31, 31, 32,
    33, 30, 34, 35, 30, 30, 36, 36,
    31, 37, 31, 36, 38, 39, 40, 41,
    42, 43, 44, 45, 0, 0, 0, 0,
    0, 0, 0, 0, 0, 0, 0, 0,
    0, 0, 0, 0, 0, 0, 0, 0,
    0, 0, 0, 0, 0, 0, 0, 0,
    0, 0, 0, 0, 0, 0, 0, 0,
    0, 0, 0, 0, 0, 0, 0, 0,
    0, 0, 0, 0, 0, 0, 0, 0,
    0, 0, 0, 0, 0, 0, 0, 0,
    0, 0, 0, 0, 0, 0, 0, 0,
    0, 0, 0, 0, 0, 0, 0, 0,
    0, 0, 0, 0, 0, 0, 0, 0,
    0, 0, 0, 0, 0, 0, 0, 0,
    0, 0, 0, 0, 0, 0, 0, 0,
    0, 0, 0, 0, 0, 0, 0, 0,
    0, 0, 0, 0, 0, 0, 0, 0,
    0, 0, 0, 0, 0, 0, 0, 0,
    0, 0, 0, 0, 0, 0, 0, 0,
    0, 0, 0, 0, 0, 0, 0, 0,
    0, 0, 0
};

/*Kern values between classes*/
static const int8_t kern_class_values[] =
{
    0, 0, 0, 0, 0, -25, 0, 0,
    0, 0, 0, 0, -14, 0, 0, 0,
    0, 0, 0, 0, 0, 0, 0, 0,
    0, 0, 0, 0, 0, 0, 0, 0,
    0, 0, 0, 0, 0, 0, 0, 0,
    0, 0, 0, 0, 0, 0, 0, 0,
    0, 0, 0, 0, 0, 0, 0, 0,
    0, 0, 0, 0, 0, 0, 0, 0,
    0, 0, -20, 0, -12, -7, 0, -21,
    0, 0, 0, 0, 0, 0, 0, 0,
    0, 0, 0, 0, 0, 0, 0, 0,
    0, 0, 0, 0, 0, 0, 0, 0,
    0, 0, 0, 0, 0, 0, -2, 0,
    0, 0, 0, 0, 0, 0, 0, 0,
    0, 0, 0, 0, 0, 0, 0, 0,
    0, 0, 0, 0, 0, 0, 0, 0,
    0, 0, 0, 0, 0, 0, 0, -8,
    -25, 0, 0, 0, 0, 0, 0, 0,
    -15, 0, 0, -2, -4, -11, -5, -5,
    0, 0, 0, 0, 0, 0, 0, 0,
    0, 0, 0, 0, 0, 0, 0, 0,
    0, 0, 0, 0, 0, 0, 0, 0,
    0, 0, 0, 0, 0, 0, 0, 0,
    0, 0, 0, 0, 0, 0, 0, 0,
    0, 0, -8, 0, 0, 0, 0, 0,
    0, 0, 0, 0, 0, 0, 0, 0,
    0, 0, 0, 0, 0, 0, 0, 0,
    0, 0, 0, 0, 0, 0, 0, 0,
    0, 0, 0, 0, -13, 0, -18, -10,
    -22, -3, 0, 0, 0, -12, -3, 0,
    -5, 0, 0, -7, -33, -1, 0, 0,
    0, 0, 0, 0, 0, -16, 0, -17,
    0, -17, 0, 0, -7, -7, -12, 0,
    -6, -3, -3, -3, -3, -3, 0, 0,
    0, 0, 0, -5, 0, -3, 0, -1,
    -2, -1, 0, 0, -5, 0, 0, 0,
    0, 0, 0, 0, 0, -3, 0, -5,
    0, 0, 0, 0, 0, 0, 0, 0,
    0, 0, 0, 0, 0, 0, 0, 0,
    0, 0, 0, 0, 0, 0, 0, 0,
    0, 0, 0, 0, 0, 0, 0, -3,
    0, -1, -1, 0, 0, 0, 0, 0,
    0, 0, 0, 0, 0, 0, 0, 0,
    0, 0, 0, 0, 0, 0, 0, 0,
    0, 0, 0, 0, 0, 0, 0, 0,
    0, 0, 0, 0, 0, -2, 0, 0,
    0, 0, 0, 0, 0, 0, 0, 0,
    0, 0, 0, 0, 0, 0, 0, 0,
    0, 0, 0, 0, 0, 0, 0, 0,
    0, 0, 0, 0, 0, 0, 0, 0,
    0, 0, 0, 0, 0, 0, -10, 0,
    0, -2, -2, 0, 0, 0, -7, -4,
    -3, 0, -1, -7, 0, 0, 0, 0,
    0, 0, -14, 0, -9, -1, 0, -12,
    0, 0, 0, 0, 0, 0, 0, 0,
    0, 0, 0, 0, 0, 0, 0, 0,
    0, 0, 0, 0, 0, 0, 0, -4,
    0, 0, 0, -6, -3, 0, 0, 0,
    0, 0, 0, 0, 0, 0, 0, 0,
    0, 0, 0, 0, 0, 0, 0, 0,
    0, 0, 0, 0, 0, 0, 0, 0,
    0, 0, 0, 0, 0, 0, 0, 0,
    0, 0, 0, 0, -5, 0, -1, 0,
    0, 0, 0, 0, 0, -3, 0, 0,
    0, 0, 0, 0, 0, 0, 0, 0,
    -1, 0, 0, 0, 0, 0, 0, 0,
    0, 0, 0, 0, 0, 0, 0, 0,
    0, 0, 0, 0, 0, 0, -10, 0,
    0, -20, -17, -19, -7, 0, -1, -1,
    -16, -1, 4, -5, -1, 0, -2, -19,
    0, 0, 0, 0, 0, 0, 0, 0,
    -6, 0, -6, 0, 0, 0, 0, 0,
    0, 0, 0, 0, 0, 0, 0, 0,
    0, 0, 0, 0, 0, 0, -5, 0,
    -1, 0, 0, -2, 0, 0, 0, -5,
    0, 0, 0, 0, 0, 0, 0, 0,
    -5, 0, -4, 0, 0, 0, 0, 0,
    0, 0, 0, 0, 0, 0, 0, 0,
    0, 0, 0, 0, 0, 0, 0, 0,
    0, 0, 0, -9, 0, -10, 0, 0,
    0, 0, 0, 0, -2, 0, 0, 0,
    0, -5, 0, -12, 0, -7, -3, -9,
    -10, 0, 0, 0, 0, 0, 0, 0,
    0, 0, 0, 0, 0, 0, 0, 0,
    0, 0, 0, 0, 0, 0, 0, 0,
    0, -6, 0, -1, -10, 0, 0, 0,
    0, -6, -1, -1, 0, -10, 0, 0,
    -31, -6, -22, -14, 0, -26, 0, 0,
    0, -3, -1, 0, 0, 0, 0, 0,
    0, -1, -4, -11, -8, -6, -8, 0,
    0, 0, 0, 0, 0, 0, 0, 0,
    0, 0, 0, 0, 0, 0, 0, 0,
    0, 0, -1, 0, 0, -1, 0, -1,
    -1, 0, -5, 0, 0, 0, 0, 0,
    0, 0, 0, 0, 0, 0, 0, 0,
    0, 0, 0, 0, 0, 0, 0, 0,
    0, 0, 0, 0, 0, 0, 0, 0,
    0, 0, 0, 0, 0, 0, 0, 0,
    0, 0, -1, 0, 0, 0, -6, -5,
    -1, 0, 0, 0, 0, 0, 0, 0,
    0, 0, 0, 0, 0, 0, 0, 0,
    0, 0, 0, 0, 0, -8, 0, -14,
    0, -18, 0, 0, 0, 0, 0, 0,
    0, 0, 0, 0, 0, -26, 0, 0,
    0, 0, 0, 0, 0, 0, -6, 0,
    -7, 0, 0, 0, 0, 0, 0, 0,
    0, 0, 0, 0, 0, 0, 0, 0,
    0, 0, 0, 0, 0, 0, 0, 0,
    0, 0, 0, 0, 0, 0, 0, 0,
    0, 0, 0, 0, -1, 0, 0, 0,
    0, -5, 0, 0, 0, 0, 0, 0,
    0, 0, 0, 0, 0, 0, 0, 0,
    0, 0, 0, 0, 0, 0, 0, 0,
    0, -5, 0, -6, 0, 0, 0, 0,
    0, 0, 0, 0, 0, 0, 0, -4,
    0, 0, 0, 0, 0, 0, 0, 0,
    0, 0, 0, 0, 0, 0, 0, 0,
    0, 0, 0, 0, 0, 0, 0, 0,
    0, 0, 0, 0, 0, 0, 0, -10,
    0, -5, 0, 0, 0, -1, 0, 0,
    -4, -1, 0, -9, 0, 0, 0, 0,
    0, 0, 0, 0, 0, -7, 0, -7,
    0, -3, 0, 0, 0, 0, -4, -4,
    -2, -14, -9, 0, -16, 0, 0, 0,
    0, 0, 0, 0, -10, 0, 0, -10,
    0, 0, 0, 0, -4, 0, 0, 0,
    -8, 0, 0, -24, 0, -16, -8, 0,
    -20, 0, 0, 0, -1, 0, 0, 0,
    0, 0, 0, 0, 0, 0, -17, -10,
    0, -14, 0, 0, 0, 0, -8, 0,
    -16, 0, -18, 0, 0, 0, 0, 0,
    0, 0, 0, 0, 0, 0, -29, 0,
    0, 0, 0, 0, -5, -4, 0, -1,
    0, -1, 0, 0, 0, 0, 0, 0,
    0, 0, 0, 0, 0, 0, 0, 0,
    0, 0, 0, 0, 0, 0, 0, 0,
    0, 0, 0, 0, 0, 0, 0, 0,
    0, 0, -1, 0, 0, -1, 0, 0,
    0, 0, -1, 0, 0, 0, 0, 0,
    0, 0, 0, 0, 0, 0, 0, 0,
    0, 0, 0, 0, 0, 0, 0, 0,
    0, 0, 0, 0, 0, 0, 0, 0,
    0, 0, 0, 0, 0, 0, 0, 0,
    0, 0, 0, 0, -1, 0, 0, -1,
    0, 0, 0, 0, 0, 0, 0, 0,
    0, 0, 0, 0, 0, 0, 0, 0,
    0, 0, 0, 0, 0, -14, 0, -18,
    -20, -29, 0, 0, 0, 0, -14, 0,
    0, 0, 0, -14, -10, -32, 0, 4,
    0, 0, 0, 0, 0, 0, -27, 0,
    -25, 0, -27, 0, 0, -22, -20, -25,
    0, -22, -19, -19, -22, -23, -19, 0,
    0, 0, -8, 0, -10, -5, -14, 0,
    0, 0, 0, -1, 0, 0, 0, 0,
    0, -3, -19, 0, 0, 0, 0, 0,
    0, 0, 0, -8, 0, -8, 0, -8,
    0, 0, -3, -3, -6, 0, -3, -1,
    -1, -1, -1, -1, 0, 0, 0, -16,
    0, -18, -18, -30, 0, 0, 0, 0,
    -12, 0, 0, 0, 0, 0, -10, -32,
    -1, 0, 0, 0, 0, 0, 0, 0,
    -25, 0, -21, 0, -21, -5, 0, -14,
    -16, -18, 0, -15, -8, -6, -6, -6,
    -6, 0, 0, 0, -1, 0, 0, 0,
    0, 0, 0, 0, 0, 0, 0, 0,
    0, 0, 0, -3, 0, 0, 0, 0,
    0, 0, 0, 0, 0, 0, 0, 0,
    0, 0, 0, 0, 0, 0, 0, 0,
    0, 0, 0, 0, 0, 0, 0, -4,
    0, 0, 0, 0, 0, 0, 0, -4,
    0, 0, 0, 0, -2, 0, 0, 0,
    0, 0, 0, -27, 0, -15, -8, 0,
    -22, 0, 0, 0, 0, 0, 0, 0,
    0, 0, 0, 0, 0, 0, -3, -3,
    0, -2, 0, 0, -8, 0, 0, 0,
    -3, 0, -3, 0, 0, 0, 0, 0,
    0, -4, 0, 0, 0, 0, -1, 0,
    -27, 0, -17, -8, -6, -21, 0, 0,
    0, 0, 0, 0, 0, 0, 0, 0,
    0, 0, 0, -5, -3, -4, 0, 0,
    0, 0, 0, 0, 0, 0, 0, 0,
    0, 0, 0, 0, 0, 0, 0, 0,
    0, 0, 0, 0, 0, 0, 0, 0,
    0, 0, 0, 0, 0, 0, 0, 0,
    0, 0, 0, 0, 0, 0, 0, 0,
    0, 0, 0, 0, 0, 0, 0, 0,
    0, 0, -12, 0, -9, 0, 0, 0,
    0, 0, 0, 0, 0, 0, 0, 0,
    -9, 0, 0, 0, 0, 0, 0, 0,
    0, -5, 0, -7, 0, -6, 0, 0,
    -1, 0, -1, 0, 0, 0, 0, 0,
    0, 0, 0, 0, 0, 0, 0, 0,
    0, 0, 0, 0, 0, 0, 0, 0,
    0, 0, 0, 0, 0, 0, 0, -20,
    0, -8, -1, 0, -14, 0, 0, 0,
    0, 0, 0, 0, 0, 0, 0, 0,
    0, 0, 0, 0, 0, 0, 0, 0,
    0, 0, 0, 0, 0, 0, 0, 0,
    0, 0, 0, 0, 0, 0, 0, 0,
    0, 0, 0, 0, 0, 0, 0, 0,
    0, 0, 0, 0, 0, 0, 0, 0,
    0, 4, 0, 0, 0, 0, 0, 0,
    0, 0, 0, 0, 0, 0, 0, 0,
    0, 0, 0, 0, 0, 0, 0, 0,
    0, 0, 0, 0, 0, 0, 0, 0,
    0, -16, 0, -10, -5, 0, -16, 0,
    -5, 0, -7, 0, -6, 0, 0, 0,
    0, 0, 0, 0, 0, 0, 0, 0,
    0, 0, 0, 0, 0, 0, 0, 0,
    0, 0, 0, 0, 0, 0, 0, 0,
    0, 0, 0, 0, 0, 0, -20, 0,
    -7, -3, 0, -16, 0, 0, 0, 0,
    0, 0, 0, 8, 0, 0, 0, 0,
    0, 0, 0, 0, 0, 0, 0, 0,
    0, 0, 0, -17, -4, -12, 0, 0,
    0, 0, 0, 0, 0, 0, 0, 0,
    0, -14, 0, -14, 0, 0, 0, -12,
    -11, -12, -6, 0, -7, 1, -4, 0,
    0, 0, 0, 0, 1, 0, 0, 0,
    0, 0, 0, 0, -8, 0, 0, 0,
    0, 0, 0, 0, 0, 0, 0, 0,
    0, -3, 0, 0, 0, 0, 0, 0,
    -29, 0, -12, -6, 0, -18, 0, 0,
    0, 0, 0, 0, 0, 0, 0, 0,
    0, 0, 0, 0, 0, 0, 0, 0,
    0, 0, 0, 0, 0, 0, 0, 0,
    0, 0, 0, 0, 0, 0, 0, 0,
    0, 0, 0, 0, 0, -5, 0, 0,
    0, 0, -1, 0, 0, 0, 0, 0,
    0, 0, 0, 0, 0, 0, 0, 0,
    0, 0, 0, 0, 0, 0, 0, 0,
    0, 0, 0, 0, 0, 0, 0, 0,
    0, 0, 0, 0, 0, 0, 0, 0,
    0, 0, -22, 0, -6, -3, 0, -15,
    0, 0, 0, 0, 0, 0, 0, 0,
    0, 0, 0, 0, 0, 0, 0, 0,
    0, 0, 0, 0, 0, 0, 0, -17,
    0, -11, 0, 0, 0, 0, 0, 0,
    0, 0, 0, 0, 0, -16, 0, -19,
    0, -3, -1, -12, -8, -4, -3, 0,
    -5, 0, 0, 0, 0, 0, 0, 0,
    0, 0, 0, 0, 0, 0, 0, 0,
    0, 0, 0, 0, -14, 0, -2, 0,
    0, 0, 0, 0, 0, 0, 0, 0,
    0, 0, -9, 0, -19, 0, -3, -1,
    -8, -6, -3, -2, 0, -3, 0, 0,
    0, 0, 0, 0, 0, 0, 0, 0,
    0, 0, 0, 0, 0, 0, 0, 0,
    0, 0, -5, 0, 0, 0, 0, 0,
    0, 0, 0, 0, 0, 0, 0, -1,
    0, -22, 0, -3, -1, 0, -8, 0,
    -2, 0, -4, 0, 0, 0, 0, 0,
    0, 0, 0, 0, 0, 0, 0, 0,
    0, 0, 0, 0, 0, 0, -14, 0,
    -12, 0, 0, 0, 0, 0, 0, 0,
    0, 0, 0, 0, -14, 0, -17, 0,
    -3, -1, -12, -6, -8, -1, 0, -4,
    0, 0, 0, 0, 0, 0, 0, 0,
    0, 0, 0, 0, 0, 0, 0, 0,
    0, 0, 0, 0, 0, 0, 0, 0,
    0, 0, 0, 0, 0, 0, 0, 0,
    0, 0, 0, -19, 0, -3, -1, 0,
    -6, 0, 0, 0, 0, 0, 0, 0,
    0, 0, 0, 0, 0, 0, 0, 0,
    0, 0, 0
};


/*Collect the kern class' data in one place*/
static const lv_font_fmt_txt_kern_classes_t kern_classes =
{
    .class_pair_values   = kern_class_values,
    .left_class_mapping  = kern_left_class_mapping,
    .right_class_mapping = kern_right_class_mapping,
    .left_class_cnt      = 47,
    .right_class_cnt     = 45,
};

/*--------------------
 *  ALL CUSTOM DATA
 *--------------------*/

#if LVGL_VERSION_MAJOR == 8
/*Store all the custom data of the font*/
static  lv_font_fmt_txt_glyph_cache_t cache;
#endif

#if LVGL_VERSION_MAJOR >= 8
static const lv_font_fmt_txt_dsc_t font_dsc = {
#else
static lv_font_fmt_txt_dsc_t font_dsc = {
#endif
    .glyph_bitmap = glyph_bitmap,
    .glyph_dsc = glyph_dsc,
    .cmaps = cmaps,
    .kern_dsc = &kern_classes,
    .kern_scale = 16,
    .cmap_num = 2,
    .bpp = 4,
    .kern_classes = 1,
    .bitmap_format = 0,
#if LVGL_VERSION_MAJOR == 8
    .cache = &cache
#endif
};



/*-----------------
 *  PUBLIC FONT
 *----------------*/

/*Initialize a public general font descriptor*/
#if LVGL_VERSION_MAJOR >= 8
const lv_font_t ecg_font_zh_16 = {
#else
lv_font_t ecg_font_zh_16 = {
#endif
    .get_glyph_dsc = lv_font_get_glyph_dsc_fmt_txt,    /*Function pointer to get glyph's data*/
    .get_glyph_bitmap = lv_font_get_bitmap_fmt_txt,    /*Function pointer to get glyph's bitmap*/
    .line_height = 18,          /*The maximum line height required by the font*/
    .base_line = 4,             /*Baseline measured from the bottom of the line*/
#if !(LVGL_VERSION_MAJOR == 6 && LVGL_VERSION_MINOR == 0)
    .subpx = LV_FONT_SUBPX_NONE,
#endif
#if LV_VERSION_CHECK(7, 4, 0) || LVGL_VERSION_MAJOR >= 8
    .underline_position = -1,
    .underline_thickness = 1,
#endif
    .dsc = &font_dsc,          /*The custom font data. Will be accessed by `get_glyph_bitmap/dsc` */
#if LV_VERSION_CHECK(8, 2, 0) || LVGL_VERSION_MAJOR >= 9
    .fallback = NULL,
#endif
    .user_data = NULL,
};



#endif /*#if ECG_FONT_ZH_16*/

